net	mod	set	Estimate	Std..Error	z.value	Pr...z..	OR	P	Q	label	module
isoExpr	3	ASD_fuTADA	0.03247856319212506	0.03142359372635931	1.03357252753942	0.3013360480922362	1.0330117484322339	0.3013360480922362	0.7290388260296037		isoExpr.M3_brown
isoExpr	3	NDD_fuTADA	0.02049841801918683	0.012919322868042052	1.5866480177450202	0.11259238565033011	1.0207099534983541	0.11259238565033011	0.35824849979650486		isoExpr.M3_brown
isoExpr	3	SCZ_schema	-0.04808933080374527	0.05869304806204116	-0.8193360609405174	0.41259470373768004	0.9530486466731153	1	1		isoExpr.M3_brown
isoExpr	3	BIP.bipex	0.003146348142309932	0.09504279517280162	0.03310454134465862	0.9735912212670603	1.0031513030909278	0.9735912212670603	1		isoExpr.M3_brown
isoExpr	3	EPI.epi25	-0.12041174484693713	0.11295309990051716	-1.066033114212794	0.28640867299351946	0.886555326968883	1	1		isoExpr.M3_brown
isoExpr	12	ASD_fuTADA	0.08348506242608851	0.04274181269125563	1.9532410342336362	0.050791040885435866	1.0870689769984065	0.050791040885435866	0.19855191304483116		isoExpr.M12_tan
isoExpr	12	NDD_fuTADA	0.050055927064144703	0.018376339833716147	2.7239334664623565	0.006450950068372703	1.0513298925261971	0.006450950068372703	0.03984410336347846	1.05	isoExpr.M12_tan
isoExpr	12	SCZ_schema	-0.0017730021316856965	0.10815945624447817	-0.016392483775788332	0.9869212760230457	0.9982285687080892	1	1		isoExpr.M12_tan
isoExpr	12	BIP.bipex	-0.20947392336264836	0.1911557065277287	-1.0958287731382084	0.2731537141771922	0.8110107875915509	1	1		isoExpr.M12_tan
isoExpr	12	EPI.epi25	-0.16567036452996206	0.21445837853293737	-0.772505908434432	0.4398148488375532	0.847325496697836	1	1		isoExpr.M12_tan
isoExpr	1	ASD_fuTADA	0.09816777116963275	0.02197036190808231	4.468190901011942	7.88838938062316e-6	1.1031478459885329	7.88838938062316e-6	2.588377765516974e-4	1.1	isoExpr.M1_turquoise
isoExpr	1	NDD_fuTADA	0.036639837307367445	0.009223726190315794	3.9723465930543846	7.116806832779747e-5	1.0373193498208653	7.116806832779747e-5	0.0013838235508182842	1.04	isoExpr.M1_turquoise
isoExpr	1	SCZ_schema	0.11188753805994288	0.04475190806736673	2.5001735767671485	0.012413246960196075	1.118387077591794	0.012413246960196075	0.06582782478891858		isoExpr.M1_turquoise
isoExpr	1	BIP.bipex	-0.06095628924784468	0.08317663212163065	-0.7328535394256794	0.46364776267500607	0.9408643647662611	1	1		isoExpr.M1_turquoise
isoExpr	1	EPI.epi25	0.10378450362811882	0.09543916277327381	1.0874414717433165	0.2768417514501374	1.1093613658056536	0.2768417514501374	0.6823564296306203		isoExpr.M1_turquoise
isoExpr	8	ASD_fuTADA	0.017459410697245173	0.047668430840674264	0.3662677874923355	0.7141652638847539	1.0176127171218339	0.7141652638847539	1		isoExpr.M8_pink
isoExpr	8	NDD_fuTADA	0.012128623608308764	0.019704382121667603	0.6155292530067066	0.5382052566358122	1.0122024736279784	0.5382052566358122	1		isoExpr.M8_pink
isoExpr	8	SCZ_schema	-0.042306266603064094	0.09520526511585466	-0.44436898055566443	0.6567758363739018	0.9585761557480418	1	1		isoExpr.M8_pink
isoExpr	8	BIP.bipex	0.062135537418551864	0.14842678706857348	0.4186275176181313	0.6754883755832108	1.0641065612108187	0.6754883755832108	1		isoExpr.M8_pink
isoExpr	8	EPI.epi25	-0.11271047413555921	0.18028639617059355	-0.6251745918139516	0.5318564759121596	0.8934092877708525	1	1		isoExpr.M8_pink
isoExpr	24	ASD_fuTADA	0.15138077019511345	0.0354665008751049	4.268274751101047	1.96990605975022e-5	1.1634395768660188	1.96990605975022e-5	5.171003406844328e-4	1.16	isoExpr.M24_darkgrey
isoExpr	24	NDD_fuTADA	0.07142787003241663	0.01856977131022387	3.8464593257048314	1.1983701364909574e-4	1.0740406773880304	1.1983701364909574e-4	0.002029497811799202	1.07	isoExpr.M24_darkgrey
isoExpr	24	SCZ_schema	0.13809403247179688	0.11267687695273919	1.2255756123744765	0.22035841990865762	1.148083502328153	0.22035841990865762	0.601351198710143		isoExpr.M24_darkgrey
isoExpr	24	BIP.bipex	0.08713001797187771	0.21818098376305026	0.39934744297652897	0.6896372140121589	1.0910385251131283	0.6896372140121589	1		isoExpr.M24_darkgrey
isoExpr	24	EPI.epi25	-0.4191152545455482	0.2989700983380334	-1.4018634534871495	0.16095602571282752	0.6576283962378615	1	1		isoExpr.M24_darkgrey
isoExpr	2	ASD_fuTADA	-0.0713355462563985	0.03688229609479974	-1.9341405988673392	0.05309584342682295	0.9311493960080943	1	1		isoExpr.M2_blue
isoExpr	2	NDD_fuTADA	-0.01283866089834089	0.01326959154510986	-0.9675249501611239	0.33328167470782954	0.9872434031356355	1	1		isoExpr.M2_blue
isoExpr	2	SCZ_schema	-0.08688391551071313	0.059656818271399153	-1.4563953966745034	0.14528334738056212	0.9167835138022697	1	1		isoExpr.M2_blue
isoExpr	2	BIP.bipex	0.05840058449207576	0.0917895575968086	0.636244318211054	0.5246171912712669	1.0601395861400822	0.5246171912712669	1		isoExpr.M2_blue
isoExpr	2	EPI.epi25	0.16894083390117848	0.10609742570013979	1.5923179359568183	0.11131328486691655	1.184050081227354	0.11131328486691655	0.35824849979650486		isoExpr.M2_blue
isoExpr	5	ASD_fuTADA	0.13830916039107152	0.02450098850066464	5.64504409229528	1.6513892072591256e-8	1.1483305137117323	1.6513892072591256e-8	2.1674483345276024e-6	1.15	isoExpr.M5_green
isoExpr	5	NDD_fuTADA	0.07437492391352522	0.010323195075671216	7.204641912541728	5.819658405095993e-13	1.0772106018095642	5.819658405095993e-13	3.0553206626753965e-10	1.08	isoExpr.M5_green
isoExpr	5	SCZ_schema	0.2690621754271484	0.055207414734143215	4.873660118352652	1.0954939953670427e-6	1.3087365097683925	1.0954939953670427e-6	7.663394375589694e-5	1.31	isoExpr.M5_green
isoExpr	5	BIP.bipex	0.031227054720590435	0.12011678901060928	0.25997243997117103	0.7948850325621905	1.0317197341299358	0.7948850325621905	1		isoExpr.M5_green
isoExpr	5	EPI.epi25	-0.04698139001638422	0.1425301734940228	-0.32962416914727494	0.7416839580236647	0.9541051533064246	1	1		isoExpr.M5_green
isoExpr	14	ASD_fuTADA	0.06174582768471948	0.05601145489764869	1.1023785723393433	0.2702971231357481	1.063691949320472	0.2702971231357481	0.6784344757364695		isoExpr.M14_cyan
isoExpr	14	NDD_fuTADA	0.05895317384436332	0.02003721638162377	2.9421838204247552	0.0032590640605315475	1.0607255698765974	0.0032590640605315475	0.022813448423720833	1.06	isoExpr.M14_cyan
isoExpr	14	SCZ_schema	0.18357245236136016	0.09609055795026597	1.910410931908342	0.05608032440655708	1.2015020139163066	0.05608032440655708	0.2119901078053205		isoExpr.M14_cyan
isoExpr	14	BIP.bipex	0.10647360194033877	0.19723885595812823	0.5398206221746794	0.589320743828687	1.1123485622143974	0.589320743828687	1		isoExpr.M14_cyan
isoExpr	14	EPI.epi25	-0.5581430778520021	0.2671330746131224	-2.089382150302194	0.036673336706720835	0.5722707400305518	1	1		isoExpr.M14_cyan
isoExpr	6	ASD_fuTADA	0.0719696810967446	0.0323616855333194	2.2239163353418365	0.02615407379822594	1.07462276218633	0.02615407379822594	0.11836973055231567		isoExpr.M6_red
isoExpr	6	NDD_fuTADA	0.03732600413415189	0.01429025360863167	2.6119903226634165	0.009001680216622773	1.0380313682012539	0.009001680216622773	0.04974612751291532	1.04	isoExpr.M6_red
isoExpr	6	SCZ_schema	-0.042103085218845246	0.08137143061155458	-0.5174185202646135	0.604864033984279	0.9587709403658798	1	1		isoExpr.M6_red
isoExpr	6	BIP.bipex	-0.002395278672539487	0.1331220997433046	-0.01799309564045513	0.9856443614015102	0.9976075877183617	1	1		isoExpr.M6_red
isoExpr	6	EPI.epi25	-0.16209272182432388	0.16362041997625848	-0.9906631571282101	0.32185008701816126	0.8503623537359195	1	1		isoExpr.M6_red
isoExpr	4	ASD_fuTADA	0.018120390290402643	0.03480397973558736	0.5206413297578838	0.6026166524135016	1.0182855607050312	0.6026166524135016	1		isoExpr.M4_yellow
isoExpr	4	NDD_fuTADA	0.008574403857534107	0.014663724014125844	0.5847357635259789	0.5587254027489406	1.008611269349498	0.5587254027489406	1		isoExpr.M4_yellow
isoExpr	4	SCZ_schema	-0.040269250036493696	0.06789260894379041	-0.5931315744521377	0.5530931010960711	0.960530781384138	1	1		isoExpr.M4_yellow
isoExpr	4	BIP.bipex	0.004912762441900814	0.10939864938979266	0.04490697526252271	0.9641814569998597	1.0049248498453804	0.9641814569998597	1		isoExpr.M4_yellow
isoExpr	4	EPI.epi25	0.02152448777728823	0.12611299950461677	0.1706762019921686	0.864478376293011	1.021757810608744	0.864478376293011	1		isoExpr.M4_yellow
isoExpr	23	ASD_fuTADA	0.14396990714802396	0.033474305234561755	4.300907999111421	1.700996753967244e-5	1.1548493552913008	1.700996753967244e-5	4.961240532404463e-4	1.15	isoExpr.M23_darkturquoise
isoExpr	23	NDD_fuTADA	0.06458273688055907	0.01745316144474069	3.700346042465581	2.1530567105830858e-4	1.066713831168553	2.1530567105830858e-4	0.0029746178238318948	1.07	isoExpr.M23_darkturquoise
isoExpr	23	SCZ_schema	0.15960778145710278	0.10044628788866872	1.588986360889779	0.11206347200333633	1.1730506885198644	0.11206347200333633	0.35824849979650486		isoExpr.M23_darkturquoise
isoExpr	23	BIP.bipex	0.20829327598929767	0.19100663555660446	1.0905028266809629	0.27549170883719426	1.2315743077631987	0.27549170883719426	0.6823564296306203		isoExpr.M23_darkturquoise
isoExpr	23	EPI.epi25	-0.04180010446266452	0.24674373749940695	-0.16940695186950788	0.8654765557369518	0.959061473521151	1	1		isoExpr.M23_darkturquoise
isoExpr	7	ASD_fuTADA	0.1561367182254287	0.02606095121310033	5.991213327122988	2.082812124549203e-9	1.1689860138584636	2.082812124549203e-9	3.6449212179611057e-7	1.17	isoExpr.M7_black
isoExpr	7	NDD_fuTADA	0.07753885421160658	0.011532151394595168	6.723711088977475	1.771535281971905e-11	1.080624218444939	1.771535281971905e-11	4.650280115176251e-9	1.08	isoExpr.M7_black
isoExpr	7	SCZ_schema	0.10901924378501189	0.07091920837894373	1.5372315382101789	0.12423661975241063	1.1151838104924576	0.12423661975241063	0.3882394367262832		isoExpr.M7_black
isoExpr	7	BIP.bipex	0.02868598249653581	0.13262854767797605	0.2162881445869842	0.8287631496168117	1.0291013878828885	0.8287631496168117	1		isoExpr.M7_black
isoExpr	7	EPI.epi25	0.0598119846179542	0.1502170133255309	0.39817050874482107	0.6905045031957011	1.0616369237080607	0.6905045031957011	1		isoExpr.M7_black
isoExpr	16	ASD_fuTADA	0.08664487297229422	0.04453941328135202	1.9453528142583576	0.051732529673981065	1.0905093416040628	0.051732529673981065	0.199702779991471		isoExpr.M16_lightcyan
isoExpr	16	NDD_fuTADA	0.0516297318662311	0.01939312588286434	2.6622697226882255	0.007761565656470058	1.052985783242228	0.007761565656470058	0.045784516512885176	1.05	isoExpr.M16_lightcyan
isoExpr	16	SCZ_schema	0.2744541689142921	0.08442132513390625	3.2510052226610062	0.0011499774515081362	1.3158122675823414	0.0011499774515081362	0.010232850204097822	1.32	isoExpr.M16_lightcyan
isoExpr	16	BIP.bipex	-0.05467831603522332	0.20965076269436678	-0.260806664056522	0.7942416050885138	0.9467896660251441	1	1		isoExpr.M16_lightcyan
isoExpr	16	EPI.epi25	0.16087261980139114	0.22287764348013356	0.7217979214489079	0.4704187275744987	1.1745353467388884	0.4704187275744987	0.9969802163981721		isoExpr.M16_lightcyan
isoExpr	13	ASD_fuTADA	0.0997099711356842	0.03780591502329551	2.6374172156458644	0.008354001339192452	1.1048504330865985	0.008354001339192452	0.04715968497931223	1.1	isoExpr.M13_salmon
isoExpr	13	NDD_fuTADA	0.035025145818729335	0.019491531454065705	1.7969417078011847	0.07234487439775981	1.0356457506325134	0.07234487439775981	0.25837455142057075		isoExpr.M13_salmon
isoExpr	13	SCZ_schema	0.2849249586739264	0.07725136865672758	3.6882836333944127	2.2577189674354633e-4	1.329662244759506	2.2577189674354633e-4	0.003039237071547739	1.33	isoExpr.M13_salmon
isoExpr	13	BIP.bipex	0.22308712768913244	0.17522762232404365	1.2731276309655308	0.20297275549556937	1.2499294724583818	0.20297275549556937	0.5692278067333638		isoExpr.M13_salmon
isoExpr	13	EPI.epi25	-0.6678761482126926	0.26734847783564	-2.4981483104732254	0.012484395037916839	0.5127965258753466	1	1		isoExpr.M13_salmon
isoExpr	26	ASD_fuTADA	-0.00524770502302916	0.0771469219396961	-0.06802222164004372	0.9457679449409252	0.9947660401269669	1	1		isoExpr.M26_darkorange
isoExpr	26	NDD_fuTADA	-0.011231051808945515	0.034038899625832536	-0.3299475580116031	0.741439587698941	0.9888317810072293	1	1		isoExpr.M26_darkorange
isoExpr	26	SCZ_schema	-0.13697794112656445	0.15563682238887153	-0.8801126817168863	0.37879826974518466	0.8719894610251165	1	1		isoExpr.M26_darkorange
isoExpr	26	BIP.bipex	0.04934840385868248	0.22195826197507895	0.22233190789817603	0.824055514717083	1.0505863153107253	0.824055514717083	1		isoExpr.M26_darkorange
isoExpr	26	EPI.epi25	-0.3607671553719275	0.2880340311538703	-1.2525157320011349	0.2103819994506219	0.6971413051779347	1	1		isoExpr.M26_darkorange
isoExpr	36	ASD_fuTADA	0.020761943672328323	0.08089219658434012	0.2566618851879171	0.7974397972648093	1.0209789722006255	0.7974397972648093	1		isoExpr.M36_yellowgreen
isoExpr	36	NDD_fuTADA	0.01142583569074881	0.03393410767994071	0.3367065313316873	0.7363381393020658	1.011491359869736	0.7363381393020658	1		isoExpr.M36_yellowgreen
isoExpr	36	SCZ_schema	-0.06067720447985921	0.16744162635165907	-0.3623782556460937	0.7170693863608165	0.9411269823237832	1	1		isoExpr.M36_yellowgreen
isoExpr	36	BIP.bipex	-0.16654872278336272	0.28066764235899444	-0.5934019375498039	0.5529121925225067	0.8465815681202269	1	1		isoExpr.M36_yellowgreen
isoExpr	36	EPI.epi25	0.4949394316441752	0.2511736831226647	1.9705067246335024	0.04878032505676356	1.640398879785015	0.04878032505676356	0.19549366912061733		isoExpr.M36_yellowgreen
isoExpr	15	ASD_fuTADA	-0.14922860656982478	0.1036835804794161	-1.439269418357428	0.15007420392192938	0.8613721770504349	1	1		isoExpr.M15_midnightblue
isoExpr	15	NDD_fuTADA	-0.013438524880101234	0.03146418745072011	-0.42710541631335436	0.6693025480891159	0.9866513689646046	1	1		isoExpr.M15_midnightblue
isoExpr	15	SCZ_schema	0.04789048717165534	0.11511919056431517	0.4160078518350919	0.6774042576619812	1.049055763969743	0.6774042576619812	1		isoExpr.M15_midnightblue
isoExpr	15	BIP.bipex	-0.09271557259250833	0.21015992564657918	-0.441166755780195	0.6590922784528879	0.9114527055619465	1	1		isoExpr.M15_midnightblue
isoExpr	15	EPI.epi25	0.04157436112343678	0.23404778364873843	0.17763193684342704	0.859012041419775	1.0424506767728416	0.859012041419775	1		isoExpr.M15_midnightblue
isoExpr	33	ASD_fuTADA	0.13749874395161826	0.04405196197962726	3.12128535875899	0.0018006345818130202	1.1474002647809214	0.0018006345818130202	0.014770830553934931	1.15	isoExpr.M33_darkolivegreen
isoExpr	33	NDD_fuTADA	0.0857036541422803	0.02005404782516872	4.273633676824009	1.9231289804731224e-5	1.0894834165631604	1.9231289804731224e-5	5.171003406844328e-4	1.09	isoExpr.M33_darkolivegreen
isoExpr	33	SCZ_schema	0.15546011154650605	0.12704178504685654	1.223692751870324	0.22106815495439544	1.1681953376324914	0.22106815495439544	0.601351198710143		isoExpr.M33_darkolivegreen
isoExpr	33	BIP.bipex	0.2552966007071658	0.2296894893777149	1.1114857775983866	0.2663593085612616	1.2908444294700552	0.2663593085612616	0.6784344757364695		isoExpr.M33_darkolivegreen
isoExpr	33	EPI.epi25	0.25124989770194206	0.27068854036184414	0.9281881581173795	0.35330997601140324	1.2856313205039716	0.35330997601140324	0.8243899440266076		isoExpr.M33_darkolivegreen
isoExpr	17	ASD_fuTADA	0.07646183298885659	0.051491390622097594	1.4849440278282735	0.13755865173683765	1.0794609897512941	0.13755865173683765	0.42232919392888757		isoExpr.M17_grey60
isoExpr	17	NDD_fuTADA	0.04847765674368961	0.021691435998119808	2.23487540188172	0.025425529863301176	1.0496719184695977	0.025425529863301176	0.11607307111507058		isoExpr.M17_grey60
isoExpr	17	SCZ_schema	0.08643482066768024	0.11636410701760405	0.7427962357379154	0.4576050548254288	1.0902803016596818	0.4576050548254288	0.9805822603402046		isoExpr.M17_grey60
isoExpr	17	BIP.bipex	-0.14249179259026223	0.22283389487238608	-0.6394529551793067	0.5225283088887831	0.8671946716850402	1	1		isoExpr.M17_grey60
isoExpr	17	EPI.epi25	0.24443103539635444	0.2264536790563886	1.0793864617915496	0.28041548355616847	1.2768945986578413	0.28041548355616847	0.6879351816214413		isoExpr.M17_grey60
isoExpr	45	ASD_fuTADA	0.14306111916501596	0.039174399302738756	3.6519033274624912	2.6030388011746207e-4	1.1538003188230952	2.6030388011746207e-4	0.003333159440528478	1.15	isoExpr.M45_darkorange2
isoExpr	45	NDD_fuTADA	0.07888392838996207	0.01897935466287117	4.156301928657284	3.234403266422532e-5	1.082078716162043	3.234403266422532e-5	7.718462340326497e-4	1.08	isoExpr.M45_darkorange2
isoExpr	45	SCZ_schema	0.1631932144112193	0.12797606834771308	1.2751854039445927	0.20224362629895498	1.177264132111318	0.20224362629895498	0.5692278067333638		isoExpr.M45_darkorange2
isoExpr	45	BIP.bipex	0.3781469908093945	0.22454577827940922	1.684052996707222	0.09217142705602725	1.459577471582458	0.09217142705602725	0.3192120818937518		isoExpr.M45_darkorange2
isoExpr	45	EPI.epi25	-0.08564392411234918	0.31932364730695895	-0.26820413970162854	0.788542188675418	0.9179210225783446	1	1		isoExpr.M45_darkorange2
isoExpr	46	ASD_fuTADA	0.023300368716104414	0.09201603162743231	0.253220751905997	0.8000976312708203	1.0235739429688082	0.8000976312708203	1		isoExpr.M46_brown4
isoExpr	46	NDD_fuTADA	0.006129371472255813	0.04135597330214269	0.148210064540743	0.8821769891859392	1.0061481945077189	0.8821769891859392	1		isoExpr.M46_brown4
isoExpr	46	SCZ_schema	0.05469737892973933	0.17363418858162968	0.31501502887505795	0.7527502429868254	1.0562209315977646	0.7527502429868254	1		isoExpr.M46_brown4
isoExpr	46	BIP.bipex	-0.9391435566362849	0.4301750099046644	-2.1831662347015888	0.02902357033132052	0.3909625292785316	1	1		isoExpr.M46_brown4
isoExpr	46	EPI.epi25	0.20938395379329405	0.34464296251136006	0.6075387475419359	0.5434934363386903	1.232918291317933	0.5434934363386903	1		isoExpr.M46_brown4
isoExpr	21	ASD_fuTADA	0.050721899167669046	0.06355817084079403	0.7980390010707139	0.42484785776453327	1.0520302821002936	0.42484785776453327	0.9414659871994259		isoExpr.M21_darkred
isoExpr	21	NDD_fuTADA	0.037189594679544316	0.025335618454919984	1.4678779105280684	0.14213738940958276	1.0378897805656175	0.14213738940958276	0.42886281287374106		isoExpr.M21_darkred
isoExpr	21	SCZ_schema	0.2061699781248821	0.10288238781802617	2.0039385019868172	0.045076648536201636	1.2289620829127905	0.045076648536201636	0.18488469126176452		isoExpr.M21_darkred
isoExpr	21	BIP.bipex	0.02327177076860876	0.21399686499538434	0.10874818548912249	0.913402221964582	1.0235446712734866	0.913402221964582	1		isoExpr.M21_darkred
isoExpr	21	EPI.epi25	-0.006725173615890769	0.2589828432681601	-0.025967641450778588	0.9792831481245318	0.9932973897549946	1	1		isoExpr.M21_darkred
isoExpr	18	ASD_fuTADA	0.030493211148031808	0.05963262939306054	0.5113511085858694	0.6091052234010339	1.0309628909705715	0.6091052234010339	1		isoExpr.M18_lightgreen
isoExpr	18	NDD_fuTADA	0.024669413974170554	0.023820185000008206	1.0356516531740645	0.30036468504579616	1.024976221694207	0.30036468504579616	0.7290388260296037		isoExpr.M18_lightgreen
isoExpr	18	SCZ_schema	0.1665459932684367	0.09897129643897795	1.6827706543292864	0.09241949799590528	1.181217862691271	0.09241949799590528	0.3192120818937518		isoExpr.M18_lightgreen
isoExpr	18	BIP.bipex	-0.234932037867856	0.2192942800979092	-1.071309464902436	0.2840303054385482	0.7906245803350932	1	1		isoExpr.M18_lightgreen
isoExpr	18	EPI.epi25	0.24345885929879818	0.21535348768819096	1.1305080865525652	0.258262192945609	1.2756538354678086	0.258262192945609	0.6646453494923761		isoExpr.M18_lightgreen
isoExpr	41	ASD_fuTADA	0.01092438736034897	0.07984483309095734	0.13682021663072633	0.8911729033598097	1.0109842763648293	0.8911729033598097	1		isoExpr.M41_lightsteelblue1
isoExpr	41	NDD_fuTADA	0.0035956710286861003	0.03401765653827783	0.10570013912158023	0.915820269967609	1.0036021432087112	0.915820269967609	1		isoExpr.M41_lightsteelblue1
isoExpr	41	SCZ_schema	-0.3191448181833268	0.2013115992865226	-1.585327518704447	0.11289193978822787	0.7267702921315434	1	1		isoExpr.M41_lightsteelblue1
isoExpr	41	BIP.bipex	-0.0811292034598238	0.28284948440167573	-0.28682818224484324	0.7742438828821782	0.9220745485260501	1	1		isoExpr.M41_lightsteelblue1
isoExpr	41	EPI.epi25	-0.07727992012760797	0.31389167786588135	-0.24619932791154753	0.8055279357990806	0.9256307146713169	1	1		isoExpr.M41_lightsteelblue1
isoExpr	43	ASD_fuTADA	0.13185130743170856	0.04622071357948402	2.8526454314680545	0.004335696820143386	1.140938657554575	0.004335696820143386	0.028813175070573138	1.14	isoExpr.M43_ivory
isoExpr	43	NDD_fuTADA	0.05869524072470846	0.024787300216879953	2.367956179622074	0.01788665427193657	1.0604520089029958	0.01788665427193657	0.08519538742634813		isoExpr.M43_ivory
isoExpr	43	SCZ_schema	0.25213804176609317	0.1122493052907255	2.246232536700838	0.02468911719543623	1.286773653533024	0.02468911719543623	0.11369988182108791		isoExpr.M43_ivory
isoExpr	43	BIP.bipex	0.19693949695854224	0.252769276559138	0.7791275096380876	0.4359046064983728	1.2176703657165315	0.4359046064983728	0.9463303814737352		isoExpr.M43_ivory
isoExpr	43	EPI.epi25	-0.32043248604215707	0.3379241986809942	-0.9482377624712529	0.3430084269058461	0.725835055651816	1	1		isoExpr.M43_ivory
isoExpr	22	ASD_fuTADA	0.05351971832102485	0.052398810891409	1.0213918486039466	0.30706882575371874	1.0549777939533138	0.30706882575371874	0.7361238973548051		isoExpr.M22_darkgreen
isoExpr	22	NDD_fuTADA	0.01982154923434664	0.024178196549914658	0.8198109066334232	0.4123239124979762	1.0200193005595317	0.4123239124979762	0.9250857011172543		isoExpr.M22_darkgreen
isoExpr	22	SCZ_schema	0.1339310351022153	0.10685709642966042	1.2533658463233326	0.21007259504072875	1.1433139683947278	0.21007259504072875	0.5835349862242465		isoExpr.M22_darkgreen
isoExpr	22	BIP.bipex	0.3528587332115271	0.18473805300148244	1.9100489989937026	0.056126904733218186	1.4231300882155824	0.056126904733218186	0.2119901078053205		isoExpr.M22_darkgreen
isoExpr	22	EPI.epi25	0.1493711444145519	0.2261369001544852	0.6605341468486972	0.5089111129933126	1.1611038464563364	0.5089111129933126	1		isoExpr.M22_darkgreen
isoExpr	27	ASD_fuTADA	0.13712036843604414	0.03597575173460796	3.8114663856804714	1.3814484359288954e-4	1.1469661987393247	1.3814484359288954e-4	0.002266438840195844	1.15	isoExpr.M27_white
isoExpr	27	NDD_fuTADA	0.05324510637332219	0.019939736620505848	2.670301387961434	0.0075783190351627235	1.054688124221738	0.0075783190351627235	0.04553772079801997	1.05	isoExpr.M27_white
isoExpr	27	SCZ_schema	0.09362859941240342	0.11788226823299729	0.7942551565715051	0.42704690435710835	1.098151815939436	0.42704690435710835	0.9420152301995037		isoExpr.M27_white
isoExpr	27	BIP.bipex	0.002644725639891725	0.22365622679176028	0.011824958678007882	0.9905652679150754	1.0026482260119078	0.9905652679150754	1		isoExpr.M27_white
isoExpr	27	EPI.epi25	-0.43330420052815094	0.28316938296898303	-1.5301943874900237	0.1259686202066638	0.6483632293660214	1	1		isoExpr.M27_white
isoExpr	10	ASD_fuTADA	0.10938067406810639	0.03350224956283906	3.2648755082235503	0.001095121970872618	1.1155869445408246	0.001095121970872618	0.009912741977726285	1.12	isoExpr.M10_purple
isoExpr	10	NDD_fuTADA	0.05379435361061714	0.015591379170429121	3.450262675456219	5.60041338695051e-4	1.0552675678745207	5.60041338695051e-4	0.0059438437962390355	1.06	isoExpr.M10_purple
isoExpr	10	SCZ_schema	-0.004714601714706782	0.09936448701893241	-0.047447552502419554	0.9621565302557561	0.995296494574913	1	1		isoExpr.M10_purple
isoExpr	10	BIP.bipex	-0.19522413560742777	0.17332477516112935	-1.1263487024629915	0.26001795069813805	0.8226502521768563	1	1		isoExpr.M10_purple
isoExpr	10	EPI.epi25	0.093157386897278	0.18089824693509438	0.5149711977623671	0.6065731468924995	1.0976344749586024	0.6065731468924995	1		isoExpr.M10_purple
isoExpr	52	ASD_fuTADA	-7.109420222741993e-4	0.11197649338044288	-0.0063490291650655315	0.9949342416867276	0.9992893106371263	1	1		isoExpr.M52_salmon4
isoExpr	52	NDD_fuTADA	-0.027231722796143408	0.05734890694804869	-0.47484292631439545	0.6348989340454312	0.9731357176663118	1	1		isoExpr.M52_salmon4
isoExpr	52	SCZ_schema	0.29904600288093464	0.12532160669994896	2.3862286061885962	0.017022166052394885	1.3485716602274822	0.017022166052394885	0.08473503505848647		isoExpr.M52_salmon4
isoExpr	52	BIP.bipex	0.19729577540049995	0.3187976453470243	0.6188746318553746	0.5359989516035921	1.2181042727085107	0.5359989516035921	1		isoExpr.M52_salmon4
isoExpr	52	EPI.epi25	-0.06486975392912067	0.4058847074996729	-0.1598231042719759	0.8730204234495517	0.9371895206812267	1	1		isoExpr.M52_salmon4
isoExpr	9	ASD_fuTADA	0.11790473602022795	0.032510628849484885	3.626651965610813	2.8711987132401377e-4	1.1251369212408384	2.8711987132401377e-4	0.003588998391550172	1.13	isoExpr.M9_magenta
isoExpr	9	NDD_fuTADA	0.04649277420419576	0.016555902425424544	2.8082295370862904	0.004981470651778621	1.0475905093660782	0.004981470651778621	0.03228730978004662	1.05	isoExpr.M9_magenta
isoExpr	9	SCZ_schema	0.21131508434381763	0.07797209707408763	2.7101372449048022	0.006725537228410522	1.235301517916803	0.006725537228410522	0.04105705866180842	1.24	isoExpr.M9_magenta
isoExpr	9	BIP.bipex	0.15248840447320153	0.16004840714909466	0.9527642741933037	0.3407095192552727	1.164728956370485	0.3407095192552727	0.8127409091137		isoExpr.M9_magenta
isoExpr	9	EPI.epi25	0.10337159322090356	0.19262292612805587	0.5366525953000114	0.5915076065817152	1.1089033935096204	0.5915076065817152	1		isoExpr.M9_magenta
isoExpr	20	ASD_fuTADA	0.10208160328737155	0.0385141823616191	2.6504938448102666	0.008037419182022314	1.1074738415467942	0.008037419182022314	0.04670881195184448	1.11	isoExpr.M20_royalblue
isoExpr	20	NDD_fuTADA	0.08370329786134752	0.015385514131065512	5.440396541077481	5.31621058812539e-8	1.0873062398583984	5.31621058812539e-8	5.582021117531659e-6	1.09	isoExpr.M20_royalblue
isoExpr	20	SCZ_schema	0.26438721136469473	0.0876881950677642	3.0150832864147796	0.0025690869830436746	1.3026324927651516	0.0025690869830436746	0.018996769945041257	1.3	isoExpr.M20_royalblue
isoExpr	20	BIP.bipex	0.4241912177141459	0.19121921520510402	2.2183503747735465	0.026530951935516016	1.5283538141670612	0.026530951935516016	0.11861943882743994		isoExpr.M20_royalblue
isoExpr	20	EPI.epi25	0.19173516192262824	0.254792150996595	0.7525159671232986	0.4517408313639371	1.2113496629638332	0.4517408313639371	0.9719833461724057		isoExpr.M20_royalblue
isoExpr	47	ASD_fuTADA	0.012848426787368984	0.1095851775664833	0.11724602790896681	0.9066650934202855	1.0129313224687357	0.9066650934202855	1		isoExpr.M47_bisque4
isoExpr	47	NDD_fuTADA	0.05869682565729947	0.03128626805194676	1.8761210368664318	0.060638661632069796	1.0604536896492778	0.060638661632069796	0.22739498112026174		isoExpr.M47_bisque4
isoExpr	47	SCZ_schema	-0.2387946384829276	0.22926563158110635	-1.0415631720991299	0.29761425056867996	0.7875766036925969	1	1		isoExpr.M47_bisque4
isoExpr	47	BIP.bipex	-0.7720110554932449	0.4039761204391392	-1.9110314110993394	0.05600054438948377	0.46208285900153484	1	1		isoExpr.M47_bisque4
isoExpr	47	EPI.epi25	0.4153616775688107	0.33809040776319466	1.2285520914859507	0.21923978726963164	1.514918553679683	0.21923978726963164	0.601351198710143		isoExpr.M47_bisque4
isoExpr	32	ASD_fuTADA	0.12509264660564814	0.04723986050391396	2.648031667986908	0.008096194071653044	1.1332534402879781	0.008096194071653044	0.04670881195184448	1.13	isoExpr.M32_violet
isoExpr	32	NDD_fuTADA	0.046538477311882764	0.026453609566559903	1.7592486649047778	0.07853528173876906	1.0476383886020462	0.07853528173876906	0.2767182745829111		isoExpr.M32_violet
isoExpr	32	SCZ_schema	-0.12495178217152816	0.1769639605186474	-0.7060860403740878	0.4801346323542528	0.8825394556947722	1	1		isoExpr.M32_violet
isoExpr	32	BIP.bipex	0.4335922607363052	0.2133121618682906	2.0326654464456944	0.04208633450938649	1.542789683923895	0.04208633450938649	0.1777236814375377		isoExpr.M32_violet
isoExpr	32	EPI.epi25	-0.08227683059161657	0.31446901384745524	-0.2616373218619497	0.79360106732481	0.9210169577326454	1	1		isoExpr.M32_violet
isoExpr	39	ASD_fuTADA	0.14703155016815117	0.03729011752719682	3.9429092724343544	8.049911433396084e-5	1.158390509868694	8.049911433396084e-5	0.0015017464060787151	1.16	isoExpr.M39_orangered4
isoExpr	39	NDD_fuTADA	0.05875047250238869	0.02134547148404935	2.7523623709268104	0.005916701033431012	1.0605105811701023	0.005916701033431012	0.03772351274547901	1.06	isoExpr.M39_orangered4
isoExpr	39	SCZ_schema	0.09792865171272908	0.13583713646964177	0.7209269442647236	0.4709544641271366	1.102884093410159	0.4709544641271366	0.9969802163981721		isoExpr.M39_orangered4
isoExpr	39	BIP.bipex	0.230982969780382	0.2455047709542785	0.9408492099055746	0.34678213861469454	1.2598377839523922	0.34678213861469454	0.8164153487565678		isoExpr.M39_orangered4
isoExpr	39	EPI.epi25	-0.1902858092674554	0.3274185192585057	-0.5811699646629324	0.56112590836974	0.8267228151317363	1	1		isoExpr.M39_orangered4
isoExpr	25	ASD_fuTADA	0.025459560756863356	0.06382362434548507	0.39890496689827026	0.689963229268648	1.0257864234051	0.689963229268648	1		isoExpr.M25_orange
isoExpr	25	NDD_fuTADA	0.02771735627644666	0.024435994338448994	1.1342839539308038	0.2566754577532318	1.0281050559099911	0.2566754577532318	0.6638158390169788		isoExpr.M25_orange
isoExpr	25	SCZ_schema	0.2893121711491824	0.08712621986514195	3.3206097039099522	8.982105069447942e-4	1.3355085707073329	8.982105069447942e-4	0.008573827566291216	1.34	isoExpr.M25_orange
isoExpr	25	BIP.bipex	-0.11754029335748033	0.22965313043904778	-0.5118166390014731	0.6087793441083528	0.8891046860117324	1	1		isoExpr.M25_orange
isoExpr	25	EPI.epi25	-0.018264349749156732	0.25625785836541226	-0.07127332549198388	0.9431802243995716	0.981901432649836	1	1		isoExpr.M25_orange
isoExpr	35	ASD_fuTADA	0.10606975355557757	0.04403718281867796	2.4086407614292047	0.01601205029698802	1.111899432740466	0.01601205029698802	0.08083006159537222		isoExpr.M35_sienna3
isoExpr	35	NDD_fuTADA	0.062113965627262284	0.01995526308685427	3.1126608232081128	0.0018540896484585045	1.0640836067737554	0.0018540896484585045	0.01497533946831869	1.06	isoExpr.M35_sienna3
isoExpr	35	SCZ_schema	0.28675979480775404	0.09491987468484273	3.0210722017898455	0.002518812898175332	1.3321041966977092	0.002518812898175332	0.018891096736314988	1.33	isoExpr.M35_sienna3
isoExpr	35	BIP.bipex	0.18034432753491253	0.22867064719355534	0.7886640884969481	0.4303083623465049	1.197629669005269	0.4303083623465049	0.9452380344431593		isoExpr.M35_sienna3
isoExpr	35	EPI.epi25	0.10026116921394358	0.2757262049506268	0.3636258266851965	0.716137438265624	1.1054595923903758	0.716137438265624	1		isoExpr.M35_sienna3
isoExpr	51	ASD_fuTADA	0.11069396858360288	0.06445109344167575	1.7174878294931344	0.08589007627056214	1.1170530012280386	0.08589007627056214	0.3006152669469675		isoExpr.M51_thistle1
isoExpr	51	NDD_fuTADA	0.06005222529423985	0.030605720822519486	1.9621241937897382	0.049748026830480914	1.0618920027195324	0.049748026830480914	0.1974259329944491		isoExpr.M51_thistle1
isoExpr	51	SCZ_schema	-0.1525661106024981	0.22657804233998582	-0.6733490545988962	0.5007252514813794	0.8585021359868076	1	1		isoExpr.M51_thistle1
isoExpr	51	BIP.bipex	0.11224760181600273	0.31770326664714965	0.3533095614678338	0.7238563781655822	1.1187898407495367	0.7238563781655822	1		isoExpr.M51_thistle1
isoExpr	51	EPI.epi25	-0.6288250047374384	0.4462899276489286	-1.409005594300797	0.15883351394197734	0.5332179616458111	1	1		isoExpr.M51_thistle1
isoExpr	28	ASD_fuTADA	0.13170607379655716	0.0378038929099774	3.4839288670664024	4.941107912795839e-4	1.1407729669180715	4.941107912795839e-4	0.005519322668548544	1.14	isoExpr.M28_skyblue
isoExpr	28	NDD_fuTADA	0.05008709703219006	0.02112857858489086	2.370585263506915	0.017759947082215413	1.0513626629560764	0.017759947082215413	0.08519538742634813		isoExpr.M28_skyblue
isoExpr	28	SCZ_schema	0.12907067202824551	0.11841457460239727	1.0899897454483827	0.27571766123502744	1.1377705298755052	0.27571766123502744	0.6823564296306203		isoExpr.M28_skyblue
isoExpr	28	BIP.bipex	-0.34111941073173624	0.26909956135406393	-1.267632726769529	0.20492913910781205	0.7109740052111385	1	1		isoExpr.M28_skyblue
isoExpr	28	EPI.epi25	0.11585310988688502	0.26029802299598404	0.4450787161325172	0.6562628694057274	1.1228309272572519	0.6562628694057274	1		isoExpr.M28_skyblue
isoExpr	34	ASD_fuTADA	0.10184362313970496	0.04601742651246059	2.2131533824936467	0.026887072800886386	1.1072103161166003	0.026887072800886386	0.11861943882743994		isoExpr.M34_darkmagenta
isoExpr	34	NDD_fuTADA	0.07240602770230815	0.0191320841466771	3.7845342487103673	1.5399670070014948e-4	1.0750917724989586	1.5399670070014948e-4	0.002377890231399367	1.08	isoExpr.M34_darkmagenta
isoExpr	34	SCZ_schema	0.30786830123891445	0.09257757338020989	3.325517077170731	8.825469362867686e-4	1.3605217981025637	8.825469362867686e-4	0.008573827566291216	1.36	isoExpr.M34_darkmagenta
isoExpr	34	BIP.bipex	-0.024578788045363776	0.26092859331977314	-0.09419737305386837	0.924952371496457	0.9757208107544069	1	1		isoExpr.M34_darkmagenta
isoExpr	34	EPI.epi25	-0.20116028654743745	0.31186292377737235	-0.6450278991517392	0.5189091061239564	0.8177813417003501	1	1		isoExpr.M34_darkmagenta
isoExpr	40	ASD_fuTADA	0.15732486837947068	0.03794958944439936	4.1456276782643515	3.388841016160926e-5	1.1703757702270308	3.388841016160926e-5	7.735397971671678e-4	1.17	isoExpr.M40_mediumpurple3
isoExpr	40	NDD_fuTADA	0.08452549153870353	0.019066650521412404	4.4331589045374775	9.286237138924607e-6	1.0882005837857394	9.286237138924607e-6	2.867808528197305e-4	1.09	isoExpr.M40_mediumpurple3
isoExpr	40	SCZ_schema	-0.22731333646415922	0.1919327162366709	-1.184338662637696	0.2362790300124245	0.7966711170666537	1	1		isoExpr.M40_mediumpurple3
isoExpr	40	BIP.bipex	0.1508408542613697	0.2467477166058902	0.6113161099776067	0.5409903277975812	1.162811586846685	0.5409903277975812	1		isoExpr.M40_mediumpurple3
isoExpr	40	EPI.epi25	0.5257902701077695	0.26021192465817444	2.0206232700460216	0.0433187781921194	1.6917952954829243	0.0433187781921194	0.17907368937687151		isoExpr.M40_mediumpurple3
isoExpr	19	ASD_fuTADA	0.1511929974151638	0.031522001410730464	4.796427594971679	1.6152030266875e-6	1.1632211350917188	1.6152030266875e-6	8.479815890109375e-5	1.16	isoExpr.M19_lightyellow
isoExpr	19	NDD_fuTADA	0.07907128839122898	0.015301857519364066	5.167430705139328	2.3733391451964829e-7	1.0822814734253814	2.3733391451964829e-7	2.0766717520469226e-5	1.08	isoExpr.M19_lightyellow
isoExpr	19	SCZ_schema	0.29334080241982263	0.0780358738860173	3.7590506495549643	1.7055931022123033e-4	1.3408996944308664	1.7055931022123033e-4	0.0025583896533184548	1.34	isoExpr.M19_lightyellow
isoExpr	19	BIP.bipex	0.03534033621664857	0.19335139274526117	0.18277776909116533	0.8549723924476665	1.0359722276772707	0.8549723924476665	1		isoExpr.M19_lightyellow
isoExpr	19	EPI.epi25	-0.04962796420607408	0.22805871647987605	-0.21761046879544838	0.8277326270403687	0.9515833817331611	1	1		isoExpr.M19_lightyellow
isoExpr	44	ASD_fuTADA	0.10946298557282265	0.04705159350285359	2.3264458740634137	0.019994776774356984	1.1156787739601286	0.019994776774356984	0.09289608678351696		isoExpr.M44_floralwhite
isoExpr	44	NDD_fuTADA	0.0634978732410389	0.02203865858438478	2.881204089527914	0.0039615902904477085	1.0655572196156917	0.0039615902904477085	0.026917508196386143	1.07	isoExpr.M44_floralwhite
isoExpr	44	SCZ_schema	0.22646053727349816	0.11607366378540095	1.951007057829952	0.05105620621152802	1.25415311655591	0.05105620621152802	0.19855191304483116		isoExpr.M44_floralwhite
isoExpr	44	BIP.bipex	0.3356052241730551	0.2404619982704331	1.3956684490146345	0.1628143595890165	1.3987867086179484	0.1628143595890165	0.4856678340013276		isoExpr.M44_floralwhite
isoExpr	44	EPI.epi25	0.16969529047292514	0.3055867056264761	0.5553097937458923	0.5786827811167935	1.1849437326606223	0.5786827811167935	1		isoExpr.M44_floralwhite
isoExpr	38	ASD_fuTADA	0.02618470539206514	0.06705108762873936	0.3905187271092361	0.6961530101964026	1.0265305366891662	0.6961530101964026	1		isoExpr.M38_plum1
isoExpr	38	NDD_fuTADA	0.053813672844003464	0.022097882990013938	2.435241098358695	0.014881870150837534	1.0552879550318808	0.014881870150837534	0.0758541925164049		isoExpr.M38_plum1
isoExpr	38	SCZ_schema	0.27278028870530113	0.10329368935408156	2.6408224007783727	0.008270506114903374	1.3136115978115093	0.008270506114903374	0.04715968497931223	1.31	isoExpr.M38_plum1
isoExpr	38	BIP.bipex	-0.041335243461988566	0.28026066040594105	-0.14748856797139098	0.8827464024898162	0.9595074074380548	1	1		isoExpr.M38_plum1
isoExpr	38	EPI.epi25	-0.09310852438978891	0.321715201055718	-0.289412884701284	0.7722654361292329	0.9110946189431576	1	1		isoExpr.M38_plum1
isoExpr	48	ASD_fuTADA	0.09134025771796009	0.05542384387097058	1.648031809749693	0.09934614381916348	1.0956417424004956	0.09934614381916348	0.336495003258457		isoExpr.M48_darkslateblue
isoExpr	48	NDD_fuTADA	0.04423490743036203	0.02648703005043183	1.6700591703236598	0.09490765728004467	1.0452278578423093	0.09490765728004467	0.32354883163651593		isoExpr.M48_darkslateblue
isoExpr	48	SCZ_schema	0.018107768976255847	0.16797094179240804	0.10780298534394646	0.9141519747316478	1.0182727086841832	0.9141519747316478	1		isoExpr.M48_darkslateblue
isoExpr	48	BIP.bipex	-0.31510270890926007	0.3248075487155534	-0.9701212615141767	0.33198605223682826	0.7297139222989739	1	1		isoExpr.M48_darkslateblue
isoExpr	48	EPI.epi25	-0.08813825826085958	0.3486324508015833	-0.2528114008268886	0.8004139572448703	0.9156342739692865	1	1		isoExpr.M48_darkslateblue
isoExpr	31	ASD_fuTADA	0.16105568471608164	0.03400416696462422	4.736351426683493	2.176001303972381e-6	1.1747503826341035	2.176001303972381e-6	9.520005704879166e-5	1.17	isoExpr.M31_paleturquoise
isoExpr	31	NDD_fuTADA	0.0801128996547409	0.017661764382384138	4.535951104332792	5.734446568373714e-6	1.0834093773151126	5.734446568373714e-6	2.0070562989308e-4	1.08	isoExpr.M31_paleturquoise
isoExpr	31	SCZ_schema	0.2802326666449021	0.09508427081727834	2.947203193926995	0.0032066241905679385	1.323437696327422	0.0032066241905679385	0.022813448423720833	1.32	isoExpr.M31_paleturquoise
isoExpr	31	BIP.bipex	0.058224592486447665	0.24196958396216817	0.24062773317637748	0.8098436536740456	1.059953026465059	0.8098436536740456	1		isoExpr.M31_paleturquoise
isoExpr	31	EPI.epi25	0.2832078007554442	0.2555637027061	1.1081691091365	0.26778878904518905	1.3273809639272875	0.26778878904518905	0.6784344757364695		isoExpr.M31_paleturquoise
isoExpr	50	ASD_fuTADA	0.10178254981015558	0.06665683824627584	1.5269633617199392	0.12677012221876235	1.107142697160962	0.12677012221876235	0.3938125098511848		isoExpr.M50_thistle2
isoExpr	50	NDD_fuTADA	0.05557562148715411	0.030828854328979315	1.8027144600995657	0.07143307004814593	1.057148957226077	0.07143307004814593	0.25686549161148364		isoExpr.M50_thistle2
isoExpr	50	SCZ_schema	0.10695238207224254	0.17028083991503945	0.6280940481947691	0.5299423318186482	1.112881260118148	0.5299423318186482	1		isoExpr.M50_thistle2
isoExpr	50	BIP.bipex	0.11606769202195605	0.3090961015274115	0.3755068130862946	0.7072835804308033	1.1230718925674472	0.7072835804308033	1		isoExpr.M50_thistle2
isoExpr	50	EPI.epi25	-0.5274681612006781	0.42614841722021235	-1.2377569407423346	0.2158061988751108	0.5900971107112634	1	1		isoExpr.M50_thistle2
isoExpr	29	ASD_fuTADA	0.14944932700502955	0.03697578075745407	4.041816668736645	5.303869340195589e-5	1.1611946281115921	5.303869340195589e-5	0.0010946990198451897	1.16	isoExpr.M29_saddlebrown
isoExpr	29	NDD_fuTADA	0.06705205584700265	0.019977214299822764	3.356426718994426	7.895664200540161e-4	1.0693511427052322	7.895664200540161e-4	0.007821176802421857	1.07	isoExpr.M29_saddlebrown
isoExpr	29	SCZ_schema	0.14686854791886508	0.12340950665652044	1.1900910383479373	0.23401061218131458	1.158201704998261	0.23401061218131458	0.6268141397713783		isoExpr.M29_saddlebrown
isoExpr	29	BIP.bipex	-0.020776182372274993	0.25725283537048166	-0.08076172354856363	0.9356314487775188	0.979438155563622	1	1		isoExpr.M29_saddlebrown
isoExpr	29	EPI.epi25	-0.24170198452255698	0.31193777940345047	-0.7748403703609984	0.4384339910114668	0.7852901713085509	1	1		isoExpr.M29_saddlebrown
isoExpr	49	ASD_fuTADA	0.06227706795946916	0.06577851591214695	0.9467691250840277	0.34375643780775095	1.0642571754460262	0.34375643780775095	0.8129375218426543		isoExpr.M49_plum2
isoExpr	49	NDD_fuTADA	0.04065612607943906	0.027971877978240283	1.4534643012194617	0.14609488449543645	1.041493901369368	0.14609488449543645	0.43828465348630935		isoExpr.M49_plum2
isoExpr	49	SCZ_schema	0.20328578894496355	0.12807054624598516	1.587295400103256	0.11244575656597813	1.2254226304495635	0.11244575656597813	0.35824849979650486		isoExpr.M49_plum2
isoExpr	49	BIP.bipex	-0.28973523932408085	0.3289152158757371	-0.880881228168969	0.378382108745328	0.7484617045747681	1	1		isoExpr.M49_plum2
isoExpr	49	EPI.epi25	-0.30253125149444526	0.36859485248480334	-0.8207690624407681	0.4117778239117774	0.7389453947501934	1	1		isoExpr.M49_plum2
isoExpr	42	ASD_fuTADA	0.11303345297914547	0.04778707537701078	2.3653561572324877	0.01801273905585646	1.1196693885987876	0.01801273905585646	0.08519538742634813		isoExpr.M42_lightcyan1
isoExpr	42	NDD_fuTADA	0.06514512684424081	0.02213541069721966	2.943027700517137	0.0032501933494716246	1.0673139090443937	0.0032501933494716246	0.022813448423720833	1.07	isoExpr.M42_lightcyan1
isoExpr	42	SCZ_schema	0.27734167325842307	0.10572063816211455	2.623344675929223	0.00870711364952811	1.31961717191627	0.00870711364952811	0.048630156021300615	1.32	isoExpr.M42_lightcyan1
isoExpr	42	BIP.bipex	-0.12743361707851292	0.2893820541994294	-0.4403646156671874	0.659673048405683	0.880351854222564	1	1		isoExpr.M42_lightcyan1
isoExpr	42	EPI.epi25	-0.5321482228541908	0.3659787535826127	-1.4540413006080926	0.14593485610068896	0.5873418722235632	1	1		isoExpr.M42_lightcyan1
isoExpr	11	ASD_fuTADA	0.10173137036050652	0.034854750982863066	2.918723201050109	0.003514681583985052	1.107086035657003	0.003514681583985052	0.024279050415686215	1.11	isoExpr.M11_greenyellow
isoExpr	11	NDD_fuTADA	0.05822920384538835	0.01554711875675281	3.7453373037429714	1.801515660828101e-4	1.059957914300194	1.801515660828101e-4	0.0026272103387076475	1.06	isoExpr.M11_greenyellow
isoExpr	11	SCZ_schema	0.18645471503218874	0.08422262836634388	2.2138315871735217	0.026840366299919517	1.2049700538200439	0.026840366299919517	0.11861943882743994		isoExpr.M11_greenyellow
isoExpr	11	BIP.bipex	0.31260297681386773	0.1569236754286208	1.9920701956541933	0.04636335655364143	1.3669787010374288	0.04636335655364143	0.18868807899737794		isoExpr.M11_greenyellow
isoExpr	11	EPI.epi25	0.26416210659593653	0.19604221871188493	1.3474756015905154	0.17782710619083675	1.3023392969802134	0.17782710619083675	0.5274532810745158		isoExpr.M11_greenyellow
isoExpr	30	ASD_fuTADA	0.1283732446427304	0.03916946396062651	3.277380685417914	0.0010477500175554903	1.1369772941938345	0.0010477500175554903	0.009650329109063728	1.14	isoExpr.M30_steelblue
isoExpr	30	NDD_fuTADA	0.06769399180720827	0.019481222623366948	3.474832823172609	5.111718101418157e-4	1.0700378180350347	5.111718101418157e-4	0.005590941673426109	1.07	isoExpr.M30_steelblue
isoExpr	30	SCZ_schema	0.21674920368930398	0.11059539297818281	1.959839355442791	0.05001456969192711	1.242032565888037	0.05001456969192711	0.1974259329944491		isoExpr.M30_steelblue
isoExpr	30	BIP.bipex	0.041637207052989456	0.26509037903299215	0.15706796755459557	0.8751912823841801	1.0425161926133166	0.8751912823841801	1		isoExpr.M30_steelblue
isoExpr	30	EPI.epi25	0.0417218688044514	0.3047273818561684	0.136915391555276	0.8910976727074853	1.042604457596392	0.8910976727074853	1		isoExpr.M30_steelblue
isoExpr	53	ASD_fuTADA	0.06713988519826461	0.07067546205573659	0.9499744783460528	0.3421252207888147	1.0694450672469726	0.3421252207888147	0.8127409091137		isoExpr.M53_palevioletred3
isoExpr	53	NDD_fuTADA	0.034904579831689195	0.03173419505309969	1.0999043704522713	0.2713737902945878	1.0355208945072167	0.2713737902945878	0.6784344757364695		isoExpr.M53_palevioletred3
isoExpr	53	SCZ_schema	0.10355464498817822	0.16588031678088477	0.6242732531368745	0.5324481463069326	1.1091063988152123	0.5324481463069326	1		isoExpr.M53_palevioletred3
isoExpr	53	BIP.bipex	-0.34262366866102756	0.35143964648502235	-0.9749146747893439	0.329602586220998	0.7099053209162095	1	1		isoExpr.M53_palevioletred3
isoExpr	53	EPI.epi25	-0.4293453472619533	0.42189075806808446	-1.0176694773500248	0.30883505725728416	0.6509350917081336	1	1		isoExpr.M53_palevioletred3
isoExpr	37	ASD_fuTADA	0.15464624091171594	0.03694187489750365	4.186204445247747	2.836578722349024e-5	1.1672449645443275	2.836578722349024e-5	7.09144680587256e-4	1.17	isoExpr.M37_skyblue3
isoExpr	37	NDD_fuTADA	0.054162381260130225	0.02214893303499646	2.445372026478696	0.014470279210763678	1.055656006990916	0.014470279210763678	0.07521679787773199		isoExpr.M37_skyblue3
isoExpr	37	SCZ_schema	0.29292394295438867	0.09635920190521402	3.0399166572854157	0.00236643623511097	1.3403408441901443	0.00236643623511097	0.018270279756371462	1.34	isoExpr.M37_skyblue3
isoExpr	37	BIP.bipex	-0.27179730056703	0.2769950522741153	-0.9812352182307517	0.3264767605384807	0.7620087041687997	1	1		isoExpr.M37_skyblue3
isoExpr	37	EPI.epi25	0.3420201749823755	0.2565556930831623	1.333122531299705	0.18249159648428478	1.4077886993397961	0.18249159648428478	0.535240715945528		isoExpr.M37_skyblue3
isoUsage	1	ASD_fuTADA	0.09043592583261174	0.024617972611232154	3.673573257261226	2.3918206261710652e-4	1.0946513665196633	2.3918206261710652e-4	0.003139264571849523	1.09	isoUsage.M1_turquoise
isoUsage	1	NDD_fuTADA	0.03647801513067425	0.009637485420110434	3.7850137811421205	1.5370006095874852e-4	1.0371515021268571	1.5370006095874852e-4	0.002377890231399367	1.04	isoUsage.M1_turquoise
isoUsage	1	SCZ_schema	0.07950870386874956	0.03922316510964187	2.0270853626038625	0.04265368354500904	1.0827549836456913	0.04265368354500904	0.1777236814375377		isoUsage.M1_turquoise
isoUsage	1	BIP.bipex	0.12181046275299835	0.06569174205858802	1.854273595672956	0.0637000276866746	1.1295399915896474	0.0637000276866746	0.2371809541525118		isoUsage.M1_turquoise
isoUsage	1	EPI.epi25	0.04550552335842722	0.07695067528085466	0.5913596364468682	0.5542794791334256	1.0465567851062234	0.5542794791334256	1		isoUsage.M1_turquoise
isoUsage	2	ASD_fuTADA	0.09469512464137594	0.023458683600976565	4.036676833709197	5.421366574471415e-5	1.0993236473391759	5.421366574471415e-5	0.0010946990198451897	1.1	isoUsage.M2_blue
isoUsage	2	NDD_fuTADA	0.03253607328211492	0.009001475615246593	3.6145266257240873	3.0089689352714966e-4	1.0330711587391763	3.0089689352714966e-4	0.003673741141901246	1.03	isoUsage.M2_blue
isoUsage	2	SCZ_schema	0.09126758285629562	0.038333024685932734	2.380912636142395	0.017269807145253432	1.0955621196817529	0.017269807145253432	0.08473503505848647		isoUsage.M2_blue
isoUsage	2	BIP.bipex	0.07092599166743513	0.0643070629762133	1.1029269318934705	0.2700588974945847	1.0735017748520128	0.2700588974945847	0.6784344757364695		isoUsage.M2_blue
isoUsage	2	EPI.epi25	0.13684048909787763	0.0757304280533285	1.8069419731988856	0.07077132718123919	1.1466452315168643	0.07077132718123919	0.256241012207935		isoUsage.M2_blue
isoUsage	4	ASD_fuTADA	-0.06591576777909013	0.03648711335996969	-1.8065492638123262	0.07083258635787516	0.9362097199944293	1	1		isoUsage.M4_yellow
isoUsage	4	NDD_fuTADA	-0.04227817514674092	0.0159134492195533	-2.656757473721822	0.007889617860686555	0.9586030839264774	1	1		isoUsage.M4_yellow
isoUsage	4	SCZ_schema	-0.06526597922289037	0.05912859371562969	-1.1037972514072893	0.26968109743867297	0.9368182560451539	1	1		isoUsage.M4_yellow
isoUsage	4	BIP.bipex	0.10607307100650941	0.09147068618218815	1.1596400490014553	0.2461953881485381	1.1119031214183939	0.2461953881485381	0.6462628938899125		isoUsage.M4_yellow
isoUsage	4	EPI.epi25	0.054562357012761915	0.11016048081645509	0.49529882774995776	0.6203891982776106	1.0560783282503339	0.6203891982776106	1		isoUsage.M4_yellow
isoUsage	7	ASD_fuTADA	-0.043324644368733546	0.03997589096043835	-1.0837693251567364	0.2784670891331942	0.9576004600020779	1	1		isoUsage.M7_black
isoUsage	7	NDD_fuTADA	-0.03133390623522861	0.017509584839131943	-1.7895287936925193	0.07352969457893667	0.9691519131763106	1	1		isoUsage.M7_black
isoUsage	7	SCZ_schema	-0.04945153609775988	0.06763573501823011	-0.7311450978455549	0.46469053064580185	0.9517512825998843	1	1		isoUsage.M7_black
isoUsage	7	BIP.bipex	0.020838794154240857	0.10738411890152826	0.19405843589730554	0.846130126249593	1.0210574379416881	0.846130126249593	1		isoUsage.M7_black
isoUsage	7	EPI.epi25	-0.1281522891172361	0.1338654538221086	-0.9573215901358344	0.3384049612315862	0.8797193972524877	1	1		isoUsage.M7_black
isoUsage	5	ASD_fuTADA	-0.17650426549179127	0.05083809283352869	-3.4718899874895257	5.168080763550268e-4	0.8381952038327977	1	1		isoUsage.M5_green
isoUsage	5	NDD_fuTADA	-0.05964911755350791	0.019156881391004146	-3.1137175376321147	0.0018474626274143384	0.9420950402089078	1	1		isoUsage.M5_green
isoUsage	5	SCZ_schema	-0.045310416310619835	0.06274187775062377	-0.7221718242273896	0.47018884390888105	0.9557007706762013	1	1		isoUsage.M5_green
isoUsage	5	BIP.bipex	0.23836376198134193	0.094787745612853	2.5147107407206906	0.011913008055461973	1.2691707849443816	0.011913008055461973	0.06381968601140342		isoUsage.M5_green
isoUsage	5	EPI.epi25	0.04827916971057348	0.11975147704219981	0.4031613713921887	0.6868295148979114	1.0494635928804035	0.6868295148979114	1		isoUsage.M5_green
isoUsage	16	ASD_fuTADA	-0.08909889194254506	0.0709432850049843	-1.255917201131653	0.2091459913825011	0.9147551071918244	1	1		isoUsage.M16_lightcyan
isoUsage	16	NDD_fuTADA	-0.0189655551559382	0.02504223627509334	-0.757342712831165	0.4488445675979885	0.9812131593950006	1	1		isoUsage.M16_lightcyan
isoUsage	16	SCZ_schema	0.06472696843250396	0.09192710596602453	0.7041118911806762	0.48136309537001093	1.0668676960557224	0.48136309537001093	1		isoUsage.M16_lightcyan
isoUsage	16	BIP.bipex	0.2991018020187645	0.15063148421501207	1.9856526248644355	0.047071908806683015	1.3486469114628823	0.047071908806683015	0.1900980932577583		isoUsage.M16_lightcyan
isoUsage	16	EPI.epi25	0.04733157624179003	0.1972876753007436	0.2399114702407953	0.8103988885446338	1.0484695990594688	0.8103988885446338	1		isoUsage.M16_lightcyan
isoUsage	18	ASD_fuTADA	-0.08246177435284127	0.07296599648622527	-1.1301397681645948	0.25841733486505897	0.9208466371426812	1	1		isoUsage.M18_lightgreen
isoUsage	18	NDD_fuTADA	-0.029921554191657727	0.028338049863995	-1.0558790860790548	0.29102346016890235	0.9705216639188547	1	1		isoUsage.M18_lightgreen
isoUsage	18	SCZ_schema	-0.1674870890866388	0.11913639886979668	-1.4058431400942735	0.15977070862576404	0.8457875371079652	1	1		isoUsage.M18_lightgreen
isoUsage	18	BIP.bipex	0.1860924843450819	0.15972697226913524	1.1650661231562167	0.24399222833149858	1.2045336557326667	0.24399222833149858	0.6462628938899125		isoUsage.M18_lightgreen
isoUsage	18	EPI.epi25	0.1598959967978875	0.19367060441023318	0.8256079815767793	0.40902650599800777	1.173388828450031	0.40902650599800777	0.9250857011172543		isoUsage.M18_lightgreen
isoUsage	20	ASD_fuTADA	0.03946580349218124	0.04399564557152198	0.8970388541753125	0.3696981845301256	1.0402549251910305	0.3696981845301256	0.8575581463311549		isoUsage.M20_royalblue
isoUsage	20	NDD_fuTADA	0.03518950302650981	0.017340700728809524	2.0293010978527883	0.04242763156724763	1.035815980465204	0.04242763156724763	0.1777236814375377		isoUsage.M20_royalblue
isoUsage	20	SCZ_schema	0.07933312521856486	0.09100361518202235	0.871757952251517	0.38334043765949716	1.082564891675716	0.38334043765949716	0.8826917972422632		isoUsage.M20_royalblue
isoUsage	20	BIP.bipex	-0.06832429339251901	0.1796335455070576	-0.38035375408116423	0.703682838407063	0.9339575481997447	1	1		isoUsage.M20_royalblue
isoUsage	20	EPI.epi25	0.14047709809768044	0.19167894002797706	0.7328770603446404	0.46363341549988446	1.1508227232334491	0.46363341549988446	0.9894615574692657		isoUsage.M20_royalblue
isoUsage	6	ASD_fuTADA	-9.736078059392722e-4	0.031152197191208306	-0.031253262810433204	0.9750675630561637	0.9990268659963623	1	1		isoUsage.M6_red
isoUsage	6	NDD_fuTADA	-0.019540667827897686	0.014709700421213686	-1.3284205162816904	0.18403922547656104	0.9806490135124115	1	1		isoUsage.M6_red
isoUsage	6	SCZ_schema	0.08913474143569104	0.05523333143130093	1.6137853561586557	0.10657399197508324	1.0932279495063142	0.10657399197508324	0.35412244168935886		isoUsage.M6_red
isoUsage	6	BIP.bipex	0.14389147993435758	0.0971964555194172	1.4804190046375918	0.13876146131172012	1.154758787225708	0.13876146131172012	0.42354515807356435		isoUsage.M6_red
isoUsage	6	EPI.epi25	0.2691762409266622	0.112958267163223	2.382970699592147	0.017173561169270785	1.3088857999663799	0.017173561169270785	0.08473503505848647		isoUsage.M6_red
isoUsage	3	ASD_fuTADA	0.07846050721992401	0.021765399049595905	3.6048274162646563	3.1236043124339784e-4	1.0816206381127882	3.1236043124339784e-4	0.0037270278727905425	1.08	isoUsage.M3_brown
isoUsage	3	NDD_fuTADA	0.04306293944301709	0.009050819958789967	4.757904768749185	1.9561273821402236e-6	1.0440036017880163	1.9561273821402236e-6	9.336062505669248e-5	1.04	isoUsage.M3_brown
isoUsage	3	SCZ_schema	0.13908252434509683	0.043667765359750955	3.1850158394707018	0.0014474608542921342	1.1492189346304218	0.0014474608542921342	0.012457654893497877	1.15	isoUsage.M3_brown
isoUsage	3	BIP.bipex	-0.12224156756577415	0.08435706617560106	-1.449096953079321	0.1473105088162695	0.8849345711901868	1	1		isoUsage.M3_brown
isoUsage	3	EPI.epi25	-0.030424944402114684	0.09453615071300937	-0.3218339669284612	0.7475784803030971	0.9700332357594926	1	1		isoUsage.M3_brown
isoUsage	10	ASD_fuTADA	0.07539907992782277	0.030942495105740795	2.436748545007733	0.014819980915127139	1.078314398659683	0.014819980915127139	0.0758541925164049		isoUsage.M10_purple
isoUsage	10	NDD_fuTADA	0.04132559237012239	0.013631486416981179	3.0316277408046846	0.0024323897571674235	1.0421913798714098	0.0024323897571674235	0.018507313369752136	1.04	isoUsage.M10_purple
isoUsage	10	SCZ_schema	0.08505825284583328	0.0731968200146679	1.1620484718979385	0.2452157762754784	1.0887804894131	0.2452157762754784	0.6462628938899125		isoUsage.M10_purple
isoUsage	10	BIP.bipex	0.17149749722134966	0.13118349446667818	1.3073100234032233	0.19110744139508604	1.1870811717271572	0.19110744139508604	0.5543171642675148		isoUsage.M10_purple
isoUsage	10	EPI.epi25	0.04461703296230328	0.1608533634634927	0.2773770594634135	0.7814905947077057	1.0456273424152536	0.7814905947077057	1		isoUsage.M10_purple
isoUsage	24	ASD_fuTADA	-0.0037362728192868668	0.0628115196786306	-0.05948387872802895	0.9525667056501593	0.9962706983632208	1	1		isoUsage.M24_darkgrey
isoUsage	24	NDD_fuTADA	0.011115997443655856	0.02392250443852917	0.4646669612798827	0.6421699716228151	1.0111780097062837	0.6421699716228151	1		isoUsage.M24_darkgrey
isoUsage	24	SCZ_schema	0.20735764901065354	0.08735189253628149	2.373819764975645	0.017605141755670253	1.2304225525053167	0.017605141755670253	0.08519538742634813		isoUsage.M24_darkgrey
isoUsage	24	BIP.bipex	0.3244479479344912	0.1753164547574114	1.8506417345903772	0.0642211114349111	1.3832667998647226	0.0642211114349111	0.23743720776991784		isoUsage.M24_darkgrey
isoUsage	24	EPI.epi25	0.2577530187326542	0.2121072958865888	1.2152010974222764	0.22428940198516942	1.294019180656359	0.22428940198516942	0.6038560822677639		isoUsage.M24_darkgrey
isoUsage	14	ASD_fuTADA	-0.06217186648608249	0.0612619217809181	-1.0148533490088427	0.3101757387229942	0.9397213663023841	1	1		isoUsage.M14_cyan
isoUsage	14	NDD_fuTADA	-0.034076052982458326	0.025907088896608563	-1.3153177154890274	0.18840314672418287	0.9664979967871008	1	1		isoUsage.M14_cyan
isoUsage	14	SCZ_schema	0.10488522894278852	0.0822748561824769	1.274815099161817	0.202374695080318	1.1105831402397786	0.202374695080318	0.5692278067333638		isoUsage.M14_cyan
isoUsage	14	BIP.bipex	0.11815303590152798	0.1517499173769752	0.7786036259117936	0.4362132425078931	1.125416327291638	0.4362132425078931	0.9463303814737352		isoUsage.M14_cyan
isoUsage	14	EPI.epi25	0.03924313067956597	0.1845265815888912	0.21266925524581692	0.8315849489343564	1.0400233144886617	0.8315849489343564	1		isoUsage.M14_cyan
isoUsage	12	ASD_fuTADA	0.11864047961049726	0.02869676687495593	4.1342803573470315	3.5606859868329105e-5	1.1259650381223043	3.5606859868329105e-5	7.789000596196992e-4	1.13	isoUsage.M12_tan
isoUsage	12	NDD_fuTADA	0.06074862173016521	0.013127844746475253	4.627463449129824	3.701715357524135e-6	1.0626317580771647	3.701715357524135e-6	1.4949235097693622e-4	1.06	isoUsage.M12_tan
isoUsage	12	SCZ_schema	0.1438413057566591	0.07442880084592869	1.9326027575591032	0.05328515247558254	1.1547008496066171	0.05328515247558254	0.2041949273699331		isoUsage.M12_tan
isoUsage	12	BIP.bipex	-0.3008285409386151	0.17085921031037493	-1.760680857602841	0.07829243446315386	0.7402046766660771	1	1		isoUsage.M12_tan
isoUsage	12	EPI.epi25	0.09958118653093435	0.17017640483796273	0.5851644746270954	0.558437129563954	1.1047081545221067	0.558437129563954	1		isoUsage.M12_tan
isoUsage	23	ASD_fuTADA	0.05372978494151972	0.04715500012591635	1.1394292184932022	0.2545241749640242	1.0551994328518388	0.2545241749640242	0.6615108507728351		isoUsage.M23_darkturquoise
isoUsage	23	NDD_fuTADA	0.04730856857478031	0.018444790702499506	2.564874242154962	0.01032132061387588	1.0484454764975668	0.01032132061387588	0.05644472210713372		isoUsage.M23_darkturquoise
isoUsage	23	SCZ_schema	0.23064652003386932	0.08405052399010211	2.7441413697912282	0.006066940460528894	1.259413983147169	0.006066940460528894	0.03791837787830559	1.26	isoUsage.M23_darkturquoise
isoUsage	23	BIP.bipex	-0.3697074446444539	0.22364415450069414	-1.6531057807876055	0.09830933704907982	0.6909364382274296	1	1		isoUsage.M23_darkturquoise
isoUsage	23	EPI.epi25	0.20180511493849465	0.21558266530191933	0.9360915668051071	0.34922604466254675	1.2236095216565026	0.34922604466254675	0.8184985421778439		isoUsage.M23_darkturquoise
isoUsage	13	ASD_fuTADA	0.035766873689337786	0.044361857282884685	0.8062528460262879	0.42009707335432783	1.036414202905838	0.42009707335432783	0.9385147383447748		isoUsage.M13_salmon
isoUsage	13	NDD_fuTADA	-0.032425772441773276	0.02711376422112721	-1.1959155570330924	0.2317295135599836	0.968094306440903	1	1		isoUsage.M13_salmon
isoUsage	13	SCZ_schema	-0.01842374943333842	0.0952512864463878	-0.1934225785360729	0.846628034190574	0.9817449303451143	1	1		isoUsage.M13_salmon
isoUsage	13	BIP.bipex	0.05106279118799144	0.15307901125588574	0.33357147246421165	0.7387029480711673	1.0523889719623813	0.7387029480711673	1		isoUsage.M13_salmon
isoUsage	13	EPI.epi25	-0.1763646408007205	0.200285601965638	-0.8805657474618596	0.378552904640025	0.8383122447499006	1	1		isoUsage.M13_salmon
isoUsage	8	ASD_fuTADA	0.0921107632310369	0.027885808961999013	3.3031411552937024	9.560824839688664e-4	1.0964862657165264	9.560824839688664e-4	0.008963273287208123	1.1	isoUsage.M8_pink
isoUsage	8	NDD_fuTADA	0.0412591129665999	0.013006257522286332	3.1722509642687036	0.001512622292455432	1.0421220979130568	0.001512622292455432	0.012808495218372608	1.04	isoUsage.M8_pink
isoUsage	8	SCZ_schema	0.09119009428839144	0.06917689078230085	1.3182161449748582	0.1874313023890138	1.095477229431103	0.1874313023890138	0.5466746319679568		isoUsage.M8_pink
isoUsage	8	BIP.bipex	0.10141870821820945	0.12927671990120929	0.7845086748465743	0.43274169379114624	1.1067399458727933	0.43274169379114624	0.9463303814737352		isoUsage.M8_pink
isoUsage	8	EPI.epi25	0.030268917404057186	0.154117421817417	0.19640165950814303	0.8442957974563647	1.0307316783745955	0.8442957974563647	1		isoUsage.M8_pink
isoUsage	19	ASD_fuTADA	0.06373403681469454	0.03980953598010291	1.6009741195312919	0.10938265144883842	1.065808895133736	0.10938265144883842	0.3578535848183382		isoUsage.M19_lightyellow
isoUsage	19	NDD_fuTADA	0.028494148260640683	0.018417464236700407	1.547126569349352	0.12183272825993449	1.0289039899389327	0.12183272825993449	0.38300707985907545		isoUsage.M19_lightyellow
isoUsage	19	SCZ_schema	0.19879676347548886	0.07770110833467365	2.5584804095616356	0.010513074346923862	1.2199340055560046	0.010513074346923862	0.05690066012510338		isoUsage.M19_lightyellow
isoUsage	19	BIP.bipex	-0.04493849597141932	0.17379728978663225	-0.2585684507887867	0.7959682281929641	0.9560562813377304	1	1		isoUsage.M19_lightyellow
isoUsage	19	EPI.epi25	-0.2756689794225775	0.21343212017689606	-1.2916002483323434	0.19649561801133378	0.7590641550336455	1	1		isoUsage.M19_lightyellow
isoUsage	17	ASD_fuTADA	0.02289471123643545	0.050766641493838825	0.45097943379244443	0.6520043717181576	1.0231588067500976	0.6520043717181576	1		isoUsage.M17_grey60
isoUsage	17	NDD_fuTADA	-0.021807425520528907	0.027554602929932535	-0.7914258672491892	0.428695520182393	0.9784286372954225	1	1		isoUsage.M17_grey60
isoUsage	17	SCZ_schema	-0.3622206723664324	0.13516250968056068	-2.6798901057881706	0.007364633373669977	0.6961287345158924	1	1		isoUsage.M17_grey60
isoUsage	17	BIP.bipex	0.195906096309836	0.16091356024205897	1.2174616981635262	0.22342860078257315	1.2164126743321617	0.22342860078257315	0.6038560822677639		isoUsage.M17_grey60
isoUsage	17	EPI.epi25	0.14180780343684926	0.20266435487203033	0.6997175380268122	0.4841037216084333	1.152355148552838	0.4841037216084333	1		isoUsage.M17_grey60
isoUsage	28	ASD_fuTADA	0.03576140205750283	0.05737626388678524	0.6232786806765106	0.5331014050906372	1.0364085320444056	0.5331014050906372	1		isoUsage.M28_skyblue
isoUsage	28	NDD_fuTADA	-0.018866907486822463	0.03262563875804804	-0.5782846928067701	0.5630719271913217	0.9813099585605082	1	1		isoUsage.M28_skyblue
isoUsage	28	SCZ_schema	0.11556092681395476	0.11095735809814625	1.0414895307054488	0.29764840961186834	1.1225029029904474	0.29764840961186834	0.7268158839359575		isoUsage.M28_skyblue
isoUsage	28	BIP.bipex	0.003378420132281398	0.21854097137789327	0.015458978291258503	0.9876660111603704	1.0033841334257332	0.9876660111603704	1		isoUsage.M28_skyblue
isoUsage	28	EPI.epi25	0.13887005441559042	0.2446219560866838	0.5676925188447952	0.5702437723022856	1.1489747861024222	0.5702437723022856	1		isoUsage.M28_skyblue
isoUsage	25	ASD_fuTADA	-0.14605762222871407	0.10038657003743627	-1.4549518145130977	0.14568260179233208	0.8641079099264378	1	1		isoUsage.M25_orange
isoUsage	25	NDD_fuTADA	-0.01395738336144306	0.029497586878025624	-0.4731703450576387	0.6360916529652523	0.9861395693209646	1	1		isoUsage.M25_orange
isoUsage	25	SCZ_schema	-0.08556974737284272	0.13454734639186416	-0.6359824230470068	0.5247878785020477	0.9179891134922737	1	1		isoUsage.M25_orange
isoUsage	25	BIP.bipex	0.38629270956733863	0.17542461880980753	2.2020438875010515	0.027662208513038848	1.4715153343988565	0.027662208513038848	0.12102216224454496		isoUsage.M25_orange
isoUsage	25	EPI.epi25	-0.27428313175541214	0.2614014891303442	-1.0492791478270602	0.29404966026181	0.760116831578316	1	1		isoUsage.M25_orange
isoUsage	29	ASD_fuTADA	0.15331642544033364	0.03351092908149874	4.575117122759186	4.75953645862339e-6	1.1656937757576018	4.75953645862339e-6	1.784826171983771e-4	1.17	isoUsage.M29_saddlebrown
isoUsage	29	NDD_fuTADA	0.06985968512258334	0.017750244439289797	3.9357027088568075	8.295361100244332e-5	1.072357702957654	8.295361100244332e-5	0.0015017464060787151	1.07	isoUsage.M29_saddlebrown
isoUsage	29	SCZ_schema	0.0966948487333512	0.11521248904591867	0.8392740191110084	0.4013155591223545	1.1015241908282412	0.4013155591223545	0.9120808161871694		isoUsage.M29_saddlebrown
isoUsage	29	BIP.bipex	0.44778105274812513	0.18276269819255359	2.4500680783140756	0.014282920708498336	1.5648360415923666	0.014282920708498336	0.07498533371961626		isoUsage.M29_saddlebrown
isoUsage	29	EPI.epi25	0.3632306003674531	0.22211198250804706	1.6353489634639289	0.10197591474017968	1.4379674168257954	0.10197591474017968	0.3431881746063739		isoUsage.M29_saddlebrown
isoUsage	27	ASD_fuTADA	0.09466801582722927	0.04055812903787979	2.334131728285909	0.01958882539077906	1.0992938463826691	0.01958882539077906	0.09182261901927684		isoUsage.M27_white
isoUsage	27	NDD_fuTADA	0.06124552578500681	0.018184354860467298	3.3680340190761617	7.570625401864037e-4	1.0631599153174265	7.570625401864037e-4	0.007643419876881961	1.06	isoUsage.M27_white
isoUsage	27	SCZ_schema	0.23696199258279432	0.08882009629626976	2.6678871388787964	0.007632989390906206	1.2673929465273748	0.007632989390906206	0.04553772079801997	1.27	isoUsage.M27_white
isoUsage	27	BIP.bipex	-0.2254503646763547	0.24176449017504406	-0.9325205885823948	0.35106755160455205	0.7981566762296561	1	1		isoUsage.M27_white
isoUsage	27	EPI.epi25	-0.297422168767981	0.2871599715674905	-1.035736865220014	0.30032491873241896	0.7427303885924236	1	1		isoUsage.M27_white
isoUsage	11	ASD_fuTADA	0.060904438067625084	0.038080627283623575	1.599354905947592	0.10974176601095705	1.0627973463661222	0.10974176601095705	0.3578535848183382		isoUsage.M11_greenyellow
isoUsage	11	NDD_fuTADA	0.04439731466442289	0.015622954064135754	2.8418002435494523	0.004485958947179061	1.0453976241929335	0.004485958947179061	0.029439105590862588	1.05	isoUsage.M11_greenyellow
isoUsage	11	SCZ_schema	0.10225836115343141	0.07941223476707401	1.28769025898047	0.19785380576946326	1.1076696135613553	0.19785380576946326	0.5676133772074765		isoUsage.M11_greenyellow
isoUsage	11	BIP.bipex	0.019477083992823087	0.15415713459584116	0.12634565402299933	0.8994583191015434	1.0196679998737173	0.8994583191015434	1		isoUsage.M11_greenyellow
isoUsage	11	EPI.epi25	-0.08541189522659855	0.17810126079703226	-0.47956929021370404	0.6315336873623845	0.9181340314815741	1	1		isoUsage.M11_greenyellow
isoUsage	21	ASD_fuTADA	-0.20620627854699705	0.10367034845656359	-1.9890574461934463	0.04669486257983633	0.8136652172918966	1	1		isoUsage.M21_darkred
isoUsage	21	NDD_fuTADA	-0.061353739518035535	0.03906501364953844	-1.5705546673669328	0.11628612683296759	0.9404904922730551	1	1		isoUsage.M21_darkred
isoUsage	21	SCZ_schema	-0.12533588218621036	0.1265070479591949	-0.9907422883398378	0.3218114361171702	0.8822005373703157	1	1		isoUsage.M21_darkred
isoUsage	21	BIP.bipex	-0.10762073875524929	0.1943278250721386	-0.5538102364666418	0.579708721967471	0.8979680963551109	1	1		isoUsage.M21_darkred
isoUsage	21	EPI.epi25	-0.42872744752906294	0.24935744820252298	-1.7193288214148685	0.0855545148102291	0.6513374286165621	1	1		isoUsage.M21_darkred
isoUsage	9	ASD_fuTADA	-0.005046457056343268	0.044491894477306795	-0.1134241891838799	0.9096942632599523	0.9949662549156044	1	1		isoUsage.M9_magenta
isoUsage	9	NDD_fuTADA	0.011982082074703438	0.016874278959467266	0.7100796486466122	0.47765474581245443	1.012054154792874	0.47765474581245443	1		isoUsage.M9_magenta
isoUsage	9	SCZ_schema	0.03057360928846126	0.07977536443527126	0.3832462503291766	0.7015371882463812	1.031045781801947	0.7015371882463812	1		isoUsage.M9_magenta
isoUsage	9	BIP.bipex	0.17557082662760992	0.13074211514105757	1.3428788913058862	0.17931119255510372	1.1919264057894174	0.17931119255510372	0.528867281412525		isoUsage.M9_magenta
isoUsage	9	EPI.epi25	0.09142241984969043	0.16039091657038884	0.5699974899112754	0.5686794005580958	1.0957317663598936	0.5686794005580958	1		isoUsage.M9_magenta
isoUsage	15	ASD_fuTADA	0.03850397974630255	0.04435066894074263	0.8681713414006922	0.3853005405706731	1.0392548643204578	0.3853005405706731	0.8833309336227221		isoUsage.M15_midnightblue
isoUsage	15	NDD_fuTADA	0.015709618933105452	0.01969194346017552	0.7977688421092708	0.42500464565002655	1.0158336637107548	0.42500464565002655	0.9414659871994259		isoUsage.M15_midnightblue
isoUsage	15	SCZ_schema	0.09878204328385931	0.08384706354368886	1.1781216790303994	0.2387481005129955	1.10382568711633	0.2387481005129955	0.6362576282706733		isoUsage.M15_midnightblue
isoUsage	15	BIP.bipex	-0.02668926888349369	0.1608940283345541	-0.16588104083016375	0.8682505680008665	0.9736637421454235	1	1		isoUsage.M15_midnightblue
isoUsage	15	EPI.epi25	-0.41817962264126046	0.20914014107009743	-1.9995186983310838	0.045552260801111764	0.6582439822826115	1	1		isoUsage.M15_midnightblue
isoUsage	22	ASD_fuTADA	-0.12691257004134368	0.0878518491509056	-1.4446203610733608	0.14856455041882421	0.8808106784720006	1	1		isoUsage.M22_darkgreen
isoUsage	22	NDD_fuTADA	-0.0644085548081674	0.03819945512689862	-1.686111872386717	0.09177425368318057	0.937621851351931	1	1		isoUsage.M22_darkgreen
isoUsage	22	SCZ_schema	0.12182995932420747	0.0958767594011004	1.2706933367922029	0.2038377669826141	1.1295620139612066	0.2038377669826141	0.5692278067333638		isoUsage.M22_darkgreen
isoUsage	22	BIP.bipex	0.11089474822495546	0.17978819438401433	0.6168077309241587	0.5373615521295636	1.1172773052460836	0.5373615521295636	1		isoUsage.M22_darkgreen
isoUsage	22	EPI.epi25	-0.3517714658020253	0.24579314975582808	-1.4311687130071626	0.1523818680204172	0.7034408639017823	1	1		isoUsage.M22_darkgreen
isoUsage	26	ASD_fuTADA	-0.06310087634905988	0.08469059100082306	-0.7450754045209891	0.4562261368633919	0.9388487612767353	1	1		isoUsage.M26_darkorange
isoUsage	26	NDD_fuTADA	-0.04685630258257188	0.038820329459405195	-1.2070042484201475	0.22743050785035787	0.9542245073363279	1	1		isoUsage.M26_darkorange
isoUsage	26	SCZ_schema	0.046619360557374125	0.12101355337432211	0.3852408202011056	0.7000590026564639	1.0477231284219872	0.7000590026564639	1		isoUsage.M26_darkorange
isoUsage	26	BIP.bipex	0.10285566541165189	0.21338299186580406	0.4820237288468498	0.629789089836237	1.1083314269705442	0.629789089836237	1		isoUsage.M26_darkorange
isoUsage	26	EPI.epi25	-0.021254574907387712	0.2633910997752565	-0.08069587364768052	0.9356838184681396	0.9789697117203486	1	1		isoUsage.M26_darkorange
geneExpr	2	ASD_fuTADA	-0.21663956830184752	0.07342377018312736	-2.9505372410259434	0.0031722179960255816	0.8052201438716464	1	1		geneExpr.M2_blue
geneExpr	2	NDD_fuTADA	-0.04084596819924343	0.02378274419173307	-1.7174623697731894	0.08589472431175375	0.9599769855440429	1	1		geneExpr.M2_blue
geneExpr	2	SCZ_schema	-0.05757877606082783	0.08471547227488899	-0.6796724909234212	0.49671185809860524	0.9440475191123326	1	1		geneExpr.M2_blue
geneExpr	2	BIP.bipex	0.10793468628790467	0.12741185128982246	0.8471322345233547	0.39692141979902806	1.1139749851689107	0.39692141979902806	0.9060162843238684		geneExpr.M2_blue
geneExpr	2	EPI.epi25	0.03855537750661869	0.15434330213407735	0.2498027253111755	0.8027399120600861	1.0393082810656202	0.8027399120600861	1		geneExpr.M2_blue
geneExpr	1	ASD_fuTADA	-0.16552302593562024	0.064658028873949	-2.5599763682605885	0.010467928118499377	0.8474503496430723	1	1		geneExpr.M1_turquoise
geneExpr	1	NDD_fuTADA	-0.04381502378970989	0.02530223190230201	-1.7316663588765693	0.08333298366671178	0.957130987562195	1	1		geneExpr.M1_turquoise
geneExpr	1	SCZ_schema	-0.12588462170474504	0.0767406373271859	-1.6403906207871632	0.100923974230028	0.8817165718698301	1	1		geneExpr.M1_turquoise
geneExpr	1	BIP.bipex	0.06432554792795889	0.11708929259334595	0.5493717359055462	0.5827503666288995	1.0664395194320766	0.5827503666288995	1		geneExpr.M1_turquoise
geneExpr	1	EPI.epi25	-0.26140677669918155	0.14727860509652757	-1.7749134473934858	0.07591217955067463	0.7699676510046609	1	1		geneExpr.M1_turquoise
geneExpr	9	ASD_fuTADA	0.010187518727911021	0.08031919835438799	0.1268379034731048	0.8990686953637219	1.010239588166071	0.8990686953637219	1		geneExpr.M9_magenta
geneExpr	9	NDD_fuTADA	-0.009024705421803956	0.0372164551732348	-0.24249234323354665	0.8083986890617252	0.9910158950047435	1	1		geneExpr.M9_magenta
geneExpr	9	SCZ_schema	0.015450364179256666	0.13772567821267906	0.11218216079791504	0.9106789734977102	1.015570338139996	0.9106789734977102	1		geneExpr.M9_magenta
geneExpr	9	BIP.bipex	-0.08008128273444061	0.24263034749618578	-0.3300546842587344	0.7413586429916422	0.9230413160151728	1	1		geneExpr.M9_magenta
geneExpr	9	EPI.epi25	0.10827751917518888	0.2540645423389576	0.426181151365591	0.6699758508815724	1.1143569579021049	0.6699758508815724	1		geneExpr.M9_magenta
geneExpr	7	ASD_fuTADA	0.11530252273166777	0.0372456229666502	3.0957334996090644	0.0019632672705729762	1.1222128811309657	0.0019632672705729762	0.015383810702250932	1.12	geneExpr.M7_black
geneExpr	7	NDD_fuTADA	0.06453430595042019	0.017425514161685224	3.7034376920892567	2.1269744036910525e-4	1.0666621704765151	2.1269744036910525e-4	0.0029746178238318948	1.07	geneExpr.M7_black
geneExpr	7	SCZ_schema	0.27184745978659053	0.08605325313377271	3.159060812773625	0.001582784595447584	1.3123867942800096	0.001582784595447584	0.013189871628729869	1.31	geneExpr.M7_black
geneExpr	7	BIP.bipex	0.5932573072977319	0.1695620973876691	3.498761317757059	4.674248038650533e-4	1.8098741406322492	4.674248038650533e-4	0.005334739609329412	1.81	geneExpr.M7_black
geneExpr	7	EPI.epi25	0.036576716567140226	0.2524188062133457	0.14490487898205726	0.8847859742262377	1.0372538755220673	0.8847859742262377	1		geneExpr.M7_black
geneExpr	17	ASD_fuTADA	0.033579237422028535	0.0734177367855919	0.45737227667604163	0.6474034874962038	1.0341493838110407	0.6474034874962038	1		geneExpr.M17_grey60
geneExpr	17	NDD_fuTADA	0.014166937186951369	0.032072879805788095	0.4417107934409652	0.6586984982017884	1.0142677638137658	0.6586984982017884	1		geneExpr.M17_grey60
geneExpr	17	SCZ_schema	0.017577996472010304	0.15710192526152844	0.11188912193627237	0.9109113218781522	1.0177333986697206	0.9109113218781522	1		geneExpr.M17_grey60
geneExpr	17	BIP.bipex	-0.3410063050351412	0.31466241650709686	-1.0837211155385955	0.2784884704040186	0.7110544249691395	1	1		geneExpr.M17_grey60
geneExpr	17	EPI.epi25	-0.15002796905896404	0.3308818769471317	-0.45341851431450714	0.6502474071776526	0.8606839035695635	1	1		geneExpr.M17_grey60
geneExpr	3	ASD_fuTADA	0.1198386099911046	0.035250310785596116	3.3996469058103376	6.747292327359752e-4	1.1273148995354856	6.747292327359752e-4	0.006945742101693863	1.13	geneExpr.M3_brown
geneExpr	3	NDD_fuTADA	0.04156993048385023	0.019378452511622055	2.1451625437541533	0.031939853232178905	1.042446058059838	0.031939853232178905	0.13858200782556965		geneExpr.M3_brown
geneExpr	3	SCZ_schema	0.15468436184857454	0.095319267305582	1.6228026738043972	0.10463159399118882	1.1672894618640537	0.10463159399118882	0.34988271876034477		geneExpr.M3_brown
geneExpr	3	BIP.bipex	-0.18059066191875978	0.21192398503887214	-0.8521482921606771	0.3941317914988795	0.8347769947819967	1	1		geneExpr.M3_brown
geneExpr	3	EPI.epi25	0.013692168497685345	0.2347059342233221	0.058337547122508125	0.9534797601493585	1.013786335529556	0.9534797601493585	1		geneExpr.M3_brown
geneExpr	5	ASD_fuTADA	0.1172472212920257	0.03401066456073478	3.4473663718816976	5.660803615465749e-4	1.1243973703033392	5.660803615465749e-4	0.0059438437962390355	1.12	geneExpr.M5_green
geneExpr	5	NDD_fuTADA	0.05415905427697508	0.017466514139896902	3.100736291351078	0.0019304012516374708	1.0556524948470056	0.0019304012516374708	0.0153554645016617	1.06	geneExpr.M5_green
geneExpr	5	SCZ_schema	-0.07723982024854725	0.1261946215553065	-0.6120690350871717	0.5404920835081914	0.92566783309524725	1	1		geneExpr.M5_green
geneExpr	5	BIP.bipex	0.027024358676610183	0.2044909530885399	0.13215429958365568	0.8948622476407656	1.0273928283883509	0.8948622476407656	1		geneExpr.M5_green
geneExpr	5	EPI.epi25	0.384667383145345	0.217895388747774	1.7653764283677376	0.07750052225362872	1.4691255842336128	0.07750052225362872	0.2749173931294262		geneExpr.M5_green
geneExpr	4	ASD_fuTADA	-0.10010200819066757	0.11282443042885848	-0.8872369912275955	0.3749513206692809	0.9047451219156576	1	1		geneExpr.M4_yellow
geneExpr	4	NDD_fuTADA	-0.031723834425422745	0.044302463505589945	-0.7160738233308387	0.47394576617872947	0.9687740871920708	1	1		geneExpr.M4_yellow
geneExpr	4	SCZ_schema	-0.30707841295127886	0.16932960125010246	-1.8134951637765877	0.06975548385502255	0.7355929186340743	1	1		geneExpr.M4_yellow
geneExpr	4	BIP.bipex	0.012956127819028914	0.22574702880884487	0.05739224071914468	0.9542327438250799	1.0130404220921319	0.9542327438250799	1		geneExpr.M4_yellow
geneExpr	4	EPI.epi25	0.23486296260957978	0.2624193069186561	0.8949911703043323	0.3707918080327089	1.264735440812579	0.3707918080327089	0.8575581463311549		geneExpr.M4_yellow
geneExpr	10	ASD_fuTADA	0.09008640743691397	0.05789238636358	1.556101123058682	0.11968404801494256	1.0942688325854069	0.11968404801494256	0.3785188265532822		geneExpr.M10_purple
geneExpr	10	NDD_fuTADA	0.018068162714824507	0.032646159574592694	0.553454462952705	0.5799522540247586	1.018232379507724	0.5799522540247586	1		geneExpr.M10_purple
geneExpr	10	SCZ_schema	-0.4718250388584113	0.19533736566338195	-2.41543668440523	0.015716354661353377	0.6238626550919835	1	1		geneExpr.M10_purple
geneExpr	10	BIP.bipex	-0.7329888883919793	0.3113233113547994	-2.354429821532474	0.01855114627575179	0.48047076831660396	1	1		geneExpr.M10_purple
geneExpr	10	EPI.epi25	0.025064323545244682	0.3005987201554626	0.08338133819159976	0.9335483267994564	1.0253810745491496	0.9335483267994564	1		geneExpr.M10_purple
geneExpr	22	ASD_fuTADA	-0.22810924942841249	0.19411335235812346	-1.1751342535549505	0.23994100857580083	0.7960372884659941	1	1		geneExpr.M22_darkgreen
geneExpr	22	NDD_fuTADA	-0.10406128637681253	0.09733186310674312	-1.0691389546575236	0.2850070608762835	0.9011700662805096	1	1		geneExpr.M22_darkgreen
geneExpr	22	SCZ_schema	-8.863063838096107e-4	0.19779807271290326	-0.004480864609313218	0.9964247992730864	0.999114086269681	1	1		geneExpr.M22_darkgreen
geneExpr	22	BIP.bipex	-0.12190351224701258	0.3379826551806859	-0.36067978749336366	0.7183388362955103	0.8852337786002124	1	1		geneExpr.M22_darkgreen
geneExpr	22	EPI.epi25	-0.2824441787861817	0.4176373892079442	-0.6762904521595672	0.49885625353363267	0.7539387265595644	1	1		geneExpr.M22_darkgreen
geneExpr	6	ASD_fuTADA	0.12811139335582108	0.03292071307305719	3.8915133178165995	9.962091987867217e-5	1.1366796142018085	9.962091987867217e-5	0.001743366097876763	1.14	geneExpr.M6_red
geneExpr	6	NDD_fuTADA	0.05997008755928185	0.01698475478440233	3.530818567622442	4.1427580829945187e-4	1.0618047848976453	4.1427580829945187e-4	0.004833217763493605	1.06	geneExpr.M6_red
geneExpr	6	SCZ_schema	0.15851158433351425	0.09867062957220266	1.606471804434193	0.10817028519158481	1.1717654982689092	0.10817028519158481	0.35716603600994984		geneExpr.M6_red
geneExpr	6	BIP.bipex	0.2855276637148878	0.19368295156831597	1.4742013243957421	0.14042739339516394	1.3304638804478672	0.14042739339516394	0.4261524944072894		geneExpr.M6_red
geneExpr	6	EPI.epi25	-0.28072474686554455	0.2716391840119398	-1.033447173266451	0.30139468012927195	0.7552361880008682	1	1		geneExpr.M6_red
geneExpr	19	ASD_fuTADA	0.07259597353471786	0.06281516287950892	1.1557077973987004	0.2478006976905369	1.0752960010961743	0.2478006976905369	0.6472406282961785		geneExpr.M19_lightyellow
geneExpr	19	NDD_fuTADA	0.024309911010306103	0.031392018223384506	0.774397836969819	0.4386955623857579	1.0246078059318644	0.4386955623857579	0.9477990545371312		geneExpr.M19_lightyellow
geneExpr	19	SCZ_schema	0.16969392206681153	0.13691862507744387	1.2393779295609293	0.21520557092948295	1.1849421111774836	0.21520557092948295	0.5946469723051503		geneExpr.M19_lightyellow
geneExpr	19	BIP.bipex	-0.006008760166617108	0.29051809827209824	-0.020682911675228316	0.9834986006128428	0.9940092563290903	1	1		geneExpr.M19_lightyellow
geneExpr	19	EPI.epi25	0.5088863617307169	0.27884274797386116	1.824994070774328	0.06800192409511495	1.6634376951973782	0.06800192409511495	0.2496574136359115		geneExpr.M19_lightyellow
geneExpr	14	ASD_fuTADA	0.08877822440089522	0.05296018020932119	1.676320285354126	0.09367547360213453	1.0928382645881836	0.09367547360213453	0.32143544863477536		geneExpr.M14_cyan
geneExpr	14	NDD_fuTADA	0.011003367619940117	0.031587265880575095	0.34834821290141316	0.7275786898137895	1.0110641273187022	0.7275786898137895	1		geneExpr.M14_cyan
geneExpr	14	SCZ_schema	0.20392279708047964	0.11239916127523628	1.8142732985446912	0.06963566028200738	1.2262034833130142	0.06963566028200738	0.2538800114448186		geneExpr.M14_cyan
geneExpr	14	BIP.bipex	0.28382281087227546	0.22314572858074955	1.271916844106513	0.20340266639931268	1.328197567733054	0.20340266639931268	0.5692278067333638		geneExpr.M14_cyan
geneExpr	14	EPI.epi25	-0.18249002862651026	0.31484045434159325	-0.579627001898916	0.5621661799591939	0.8331929519650222	1	1		geneExpr.M14_cyan
geneExpr	21	ASD_fuTADA	-0.318221599734175	0.19123291163235068	-1.6640524741157672	0.09610194343413062	0.7274415696937704	1	1		geneExpr.M21_darkred
geneExpr	21	NDD_fuTADA	-0.12232485269778039	0.09401501656883562	-1.3011203652580006	0.19321725791856073	0.8848608723666591	1	1		geneExpr.M21_darkred
geneExpr	21	SCZ_schema	-0.11573550851924574	0.19737622234360858	-0.5863700659837534	0.5576268555834152	0.8907107775575318	1	1		geneExpr.M21_darkred
geneExpr	21	BIP.bipex	0.19154450985733132	0.2707532600607196	0.7074504285354688	0.47928660803509693	1.2111187386625895	0.47928660803509693	1		geneExpr.M21_darkred
geneExpr	21	EPI.epi25	0.20068647603183956	0.3151937753821427	0.6367082465017786	0.524314901033687	1.2222415097373582	0.524314901033687	1		geneExpr.M21_darkred
geneExpr	12	ASD_fuTADA	0.04645996972153894	0.05650957958070359	0.8221609515814501	0.41098529939629086	1.0475561442650498	0.41098529939629086	0.9250857011172543		geneExpr.M12_tan
geneExpr	12	NDD_fuTADA	-9.119843048052199e-5	0.030520848037113135	-0.00298807000282644	0.9976158686259581	0.9999088057279699	1	1		geneExpr.M12_tan
geneExpr	12	SCZ_schema	0.2704423552745787	0.0939614408562151	2.8782269919468804	0.003999172646320227	1.3105440486021758	0.003999172646320227	0.026917508196386143	1.31	geneExpr.M12_tan
geneExpr	12	BIP.bipex	-0.022385306196125023	0.24042667093028414	-0.09310658467926809	0.9258188863446841	0.9778633856332162	1	1		geneExpr.M12_tan
geneExpr	12	EPI.epi25	-0.10559608177974761	0.2993974441230068	-0.35269533475497433	0.7243168572192458	0.8997880154594392	1	1		geneExpr.M12_tan
geneExpr	13	ASD_fuTADA	0.16230507439501385	0.03338901769350476	4.861031728603008	1.1677553334231916e-6	1.1762190208971899	1.1677553334231916e-6	7.663394375589694e-5	1.18	geneExpr.M13_salmon
geneExpr	13	NDD_fuTADA	0.0835009004331842	0.017318794376890774	4.821403766107594	1.425514875006614e-6	1.08708619414092	1.425514875006614e-6	8.315503437538582e-5	1.09	geneExpr.M13_salmon
geneExpr	13	SCZ_schema	0.26355058793096786	0.09584497063226206	2.7497591808145954	0.005963907729285254	1.3015431356505553	0.005963907729285254	0.03772351274547901	1.3	geneExpr.M13_salmon
geneExpr	13	BIP.bipex	0.2826867750147188	0.2174661898047311	1.299911380562427	0.19363134409731303	1.3266895444166555	0.19363134409731303	0.5585519541268645		geneExpr.M13_salmon
geneExpr	13	EPI.epi25	0.14937732923541444	0.2744131298624678	0.5443519751051284	0.5861992870138466	1.161111027697837	0.5861992870138466	1		geneExpr.M13_salmon
geneExpr	18	ASD_fuTADA	0.07225434173043363	0.07028851973405295	1.0279678958074328	0.3039649295786387	1.074928708526164	0.3039649295786387	0.7320256331595657		geneExpr.M18_lightgreen
geneExpr	18	NDD_fuTADA	0.022651891398378393	0.035461750897834245	0.6387696835285652	0.5229727730874452	1.02291039365537	0.5229727730874452	1		geneExpr.M18_lightgreen
geneExpr	18	SCZ_schema	0.09007378261331728	0.15383178947040366	0.5855342574081345	0.5581885389411301	1.0942550177216335	0.5581885389411301	1		geneExpr.M18_lightgreen
geneExpr	18	BIP.bipex	-0.015383934561044617	0.27862278487467934	-0.05521420140841711	0.9559678151071486	0.9847337936792411	1	1		geneExpr.M18_lightgreen
geneExpr	18	EPI.epi25	-0.4132839551252267	0.3681257313364627	-1.1226706528359733	0.26157739635184385	0.6614744271040303	1	1		geneExpr.M18_lightgreen
geneExpr	20	ASD_fuTADA	-0.052247812476655414	0.12878252785516722	-0.40570575331006786	0.6849588144576542	0.9490936404524577	1	1		geneExpr.M20_royalblue
geneExpr	20	NDD_fuTADA	0.003957556280935632	0.044003377765217025	0.08993755665875103	0.9283368361735802	1.0039653977477303	0.9283368361735802	1		geneExpr.M20_royalblue
geneExpr	20	SCZ_schema	0.21872497686344416	0.14486988973784096	1.5098028807728965	0.13109372976908298	1.2444889663591214	0.13109372976908298	0.40484828311040333		geneExpr.M20_royalblue
geneExpr	20	BIP.bipex	-0.12719864976274195	0.34268303526151755	-0.371184554454733	0.7105000764513074	0.8805587324385424	1	1		geneExpr.M20_royalblue
geneExpr	20	EPI.epi25	-0.14369528850296376	0.40743251584319873	-0.352684881336926	0.7243246948963449	0.8661516342137122	1	1		geneExpr.M20_royalblue
geneExpr	8	ASD_fuTADA	0.08439361527669827	0.040691325598002204	2.0739952320659145	0.038079753671336744	1.0880570854226597	0.038079753671336744	0.16386779243812943		geneExpr.M8_pink
geneExpr	8	NDD_fuTADA	0.05415268872562567	0.01819423447191378	2.9763653320627763	0.0029168715716470645	1.05564577505823	0.0029168715716470645	0.021268855209926513	1.06	geneExpr.M8_pink
geneExpr	8	SCZ_schema	0.27667192126117207	0.08544281674319067	3.238094573739826	0.0012033091322602594	1.318733651582553	0.0012033091322602594	0.01052895490727727	1.32	geneExpr.M8_pink
geneExpr	8	BIP.bipex	-0.08804197817934947	0.22988062639662588	-0.38298998727907474	0.7017271881101067	0.9157224355558521	1	1		geneExpr.M8_pink
geneExpr	8	EPI.epi25	-0.1588155512684831	0.27149610107613553	-0.5849643904239586	0.5585716608449933	0.8531537075764614	1	1		geneExpr.M8_pink
geneExpr	15	ASD_fuTADA	0.04675000975222824	0.08563908305652237	0.5458957298897388	0.5851376137747432	1.0478600215474392	0.5851376137747432	1		geneExpr.M15_midnightblue
geneExpr	15	NDD_fuTADA	-0.07107959286247348	0.06938588537674947	-1.0244099715169384	0.3056416740888145	0.9313877573596511	1	1		geneExpr.M15_midnightblue
geneExpr	15	SCZ_schema	0.05309462923444556	0.15220270194355098	0.34884156822746365	0.7272082544041762	1.0545294297106456	0.7272082544041762	1		geneExpr.M15_midnightblue
geneExpr	15	BIP.bipex	0.2659609729360685	0.23616723875055756	1.1261552378862312	0.26009981649865016	1.3046841397019946	0.26009981649865016	0.6661092861550797		geneExpr.M15_midnightblue
geneExpr	15	EPI.epi25	-0.1341375518477808	0.3148828008440889	-0.4259919928564079	0.6701136806138321	0.8744697713973631	1	1		geneExpr.M15_midnightblue
geneExpr	23	ASD_fuTADA	0.03277800489406925	0.08589944136637523	0.3815857748627919	0.702768637256243	1.0333211215456068	0.702768637256243	1		geneExpr.M23_darkturquoise
geneExpr	23	NDD_fuTADA	0.05601826998421946	0.027545966856386706	2.033628744137956	0.04198904144488961	1.0576170062061137	0.04198904144488961	0.1777236814375377		geneExpr.M23_darkturquoise
geneExpr	23	SCZ_schema	0.09300299290058861	0.16699223860904522	0.5569300326485417	0.5775752342917224	1.0974650198668707	0.5775752342917224	1		geneExpr.M23_darkturquoise
geneExpr	23	BIP.bipex	-0.4005929443340079	0.3744276366302414	-1.06988081312386	0.2846729605140466	0.6699227013756446	1	1		geneExpr.M23_darkturquoise
geneExpr	23	EPI.epi25	-0.4984274266143814	0.4080011561637464	-1.2216323877629982	0.22184667508752057	0.6074852240501765	1	1		geneExpr.M23_darkturquoise
geneExpr	16	ASD_fuTADA	-1.5736583175433492e-4	0.08428348856508726	-0.0018671015454327143	0.9985102693689986	0.9998426465495986	1	1		geneExpr.M16_lightcyan
geneExpr	16	NDD_fuTADA	5.633538430975196e-4	0.03520539215578531	0.016001919268635204	0.9872328605366446	1.0005635125566763	0.9872328605366446	1		geneExpr.M16_lightcyan
geneExpr	16	SCZ_schema	-0.2866203143286286	0.20566440951661344	-1.3936310857201357	0.1634290363711423	0.75079674149089	1	1		geneExpr.M16_lightcyan
geneExpr	16	BIP.bipex	-0.08508309137931332	0.2944939296022221	-0.28891288691157907	0.7726480417425372	0.9184359671195282	1	1		geneExpr.M16_lightcyan
geneExpr	16	EPI.epi25	0.04095761561304797	0.3212622179536698	0.1274896745528744	0.8985528450101562	1.0418079482184885	0.8985528450101562	1		geneExpr.M16_lightcyan
geneExpr	11	ASD_fuTADA	-0.28758507954187623	0.1717095457231265	-1.6748345488351215	0.09396669822635512	0.7500727482104018	1	1		geneExpr.M11_greenyellow
geneExpr	11	NDD_fuTADA	-0.04191026832710624	0.05878710923874782	-0.7129159584442077	0.4758977634690977	0.958955825422399	1	1		geneExpr.M11_greenyellow
geneExpr	11	SCZ_schema	-0.027830877988752833	0.17172050699328198	-0.16207078860908342	0.87125010935524	0.9725528329845875	1	1		geneExpr.M11_greenyellow
geneExpr	11	BIP.bipex	-0.007813691353830084	0.2722558737476117	-0.028699808185125075	0.9771040093519664	0.9922167561783066	1	1		geneExpr.M11_greenyellow
geneExpr	11	EPI.epi25	-0.4323261196576898	0.35106409457955084	-1.2314734726018102	0.2181458322396548	0.6489976912647184	1	1		geneExpr.M11_greenyellow
